id,smiles,population_id
0,Cc1ccc(C(=O)N2CCCCC2)cc1S(=O)(=O)N1CCCCC1,0
1,O=C(O)C1COC(c2ccccc2O)=N1,0
2,O=C(CSCc1ccccc1)Nc1ccc(S(=O)(=O)Nc2ncccn2)cc1,0
3,CCOC(=O)N1CCN(C(=O)CCC2CCCC2)CC1,0
4,CCNC(=O)c1cc2c(-c3cc(S(=O)(=O)CC)ccc3-c3c(C)cccc3C)cn(C)c(=O)c2[nH]1,0
5,CCOC(=O)c1cccc(NC(=O)C=Cc2ccc([N+](=O)[O-])cc2)c1,0
6,CC(=O)Nc1nc2cc(Oc3ccccc3)ccc2[nH]1,0
7,C=CC1(C)CC(OC(C)=O)C(C(C)(C)O)CC1C(=C)C,0
8,CC(Oc1ccccc1C=NO)C1=NCCN1,0
9,O=C(c1ccccc1)C1CC2C3Cc4ccc(O)c5c4C2(CCN3CC2CC2)C(O5)C1=O,0
10,CSc1ccc2cc(CC(C)N)ccc2c1,0
11,Cc1cc(N(C)Cc2ccc(-n3cccn3)cc2)ccn1,0
12,CCn1ncc(NC(=O)c2cc(C3CC3)nc3onc(-c4cccc(OC)c4)c23)c1C,0
13,COc1ccc(OC)c(-c2nnc(N3CCCC3)s2)c1,0
14,COc1cc2c(Nc3ccc(Br)c(Cl)c3)ncnc2cc1OC1COC2C1OCC2S(C)(=O)=O,0
15,COC(=O)C1=C(C)N(CC2CC2)C(N(C)Cc2ccc(OC)cc2)=NC1c1ccccc1,0
16,COc1ccc(-c2nnsc2-c2cc(OC)c(OC)c(OC)c2)cc1,0
17,COc1cc2c(cc1OC)C(c1ccccc1)N(CC1CCN(Cc3cc(F)cc(C=NO)c3O)CC1)CC2,0
18,COC(=O)C=Cc1ccccc1CN1C(CC(=O)OC)c2ccccc2S1(=O)=O,0
19,CCN1C(=O)C(C)(C)C(=O)N(CC)c2cc(OCCCN(CCc3cccnc3)Cc3ccncc3)ccc21,0
20,COc1ccc(C2C(C(O)c3ccc(O)cc3)C(=O)N2c2cc(OC)c(OC)c(OC)c2)cc1,0
21,Cc1noc(-c2ccc3nc(Nc4cc(CN5CCN(C(=O)c6ccco6)CC5)ccn4)[nH]c3c2)n1,0
22,COc1ccc(-c2c3c4cc(OC)c(O)cc4oc(=O)c3n3ccc4c(O)c(OC)c(OC)cc4c23)cc1O,0
23,CCC(NC(=O)N1CCc2c(nnn2-c2ccccc2)C1)C1CCOCC1,0
24,CCOC(=O)c1[nH]c2cc(Cl)ccc2c1C(C(=O)NC(C)(C)C)N(C=O)Cc1ccc(OCc2ccc(Br)cc2)cc1,0
25,CCc1ccc2oc(C(=O)NCc3ccncc3)c(C)c2c1,0
26,Cc1ccc(Nc2nnc(CSc3nnc(-c4ccncc4)n3-c3ccccc3)s2)cc1,0
27,CCOc1ccc(N2CC(Oc3ccc(C(C)NC(=O)COC)cc3)C2)cc1,0
28,CSC(Cn1nnc2cc(C#Cc3ccc(CN4CCOCC4)cc3)ccc21)N(O)C=O,0
29,Cc1cccc(CNC(=O)C2CCC(=O)N(CCc3cccc(F)c3)C2)n1,0
30,CNCCC(Oc1ccc2sccc2c1)c1ccccc1,0
31,c1coc(-c2nnc(-c3cccs3)o2)c1,0
32,C=CCC(N)c1ccc(Cl)c(Cl)c1,0
33,CC1(N)CCN(c2nc3ccc(Sc4cccnc4C(F)(F)F)cc3[nH]2)CC1,0
34,COc1cccc(C(=O)N(CCCN2CCN(C)CC2)C2CCOCC2)c1OC,0
35,CCCNC(=O)C(C)n1nc(-c2ccc(C)o2)cc(N)c1=O,0
36,COc1ccc(COC(=O)c2ccccc2)cc1,0
37,Cc1cc(NS(=O)(=O)c2ccc3c(c2)CC(Cl)(Cl)C3=O)nn1C,0
38,CC(C)OP(=O)(OC(C)C)C(Nc1ccccc1)c1ccc2c(c1)OCO2,0
39,CCC1(CC)NC(=O)N(CC(=O)Nc2cccc3ccccc23)C1=O,0
40,CCCCOc1ccc(S(=O)(=O)NC(N)=Nc2ccc(Cl)cc2)cc1,0
41,Cc1ccc(-c2cc(-c3cc(Br)ccc3O)[nH]c(=O)c2C#N)s1,0
42,CC=CC(=O)N1CC=C(c2c[nH]c3ncnc(-c4cc(F)cc(NC(=O)c5ccc(C6CC6)cc5)c4C)c23)CC1,0
43,N#Cc1c(-c2ccccc2)cc(-c2ccccc2)nc1N=c1sc(-c2ccccc2)nn1-c1ccccc1,0
44,Cc1cn2c(-c3cn[nH]c3)cnc2c(Nc2cc(CN3CCC(F)(F)C3)ns2)n1,0
45,COc1ccccc1CN(CC(Cc1c[nH]c2ccccc12)NC(=O)CN1CCC(N2CCCCC2)CC1)C(C)=O,0
46,O=c1c2cc(O)c(O)cc2oc2cc(O)cc(OCc3ccc(Cl)cc3Cl)c12,0
47,COc1ccc(-c2cccc(NC(=O)c3ccc(Cl)cc3)c2)cc1CN1CCCN(C)CC1,0
48,Cc1cc(SC2=C(O)OC(CCc3ccc(O)cc3)(C(C)C)CC2=O)c(C(C)(C)C)cc1OS(=O)(=O)c1ccccc1,0
49,Cc1cccc(C2=Nc3nc4ccccn4c3C(=O)C(Cc3ccccc3)N2)c1,0
50,Cn1cc(-c2cccc(N3CCn4c(cc5c4CCCC5)C3=O)c2CO)cc(Nc2ccc(N3CCNCC3)cn2)c1=O,0
51,COc1ccc2cc(CN3CCC(F)(F)C(CCc4ccccc4)C3)c(OC)nc2c1,0
52,COc1c(O)c(C)cc2c1C(=O)c1c(O)cccc1C2=O,0
53,N=C(N)c1ccc(-c2nc3ccc([N+](=O)[O-])cc3s2)cc1,0
54,COc1ccccc1NC(=O)C1CCCN1C(=O)NC1CCCCC1,0
55,Cc1ccc(NC(=O)c2ccc3nsnc3c2)c(Cl)c1,0
56,CN1CCN(c2cc(CN(C)C3CCCc4cccnc43)ccn2)CC1,0
57,Cc1nc2cnccc2n1CC1CCN(C(=O)CC(C)(C)c2ccc(N)cc2)CC1,0
58,Fc1ccc(Cn2c[n+](Cc3ccc(Cl)cc3Cl)cn2)c(F)c1,0
59,CCn1c2ccccc2c2ccnc(CNCCCNCc3nccc4c5ccccc5n(CC)c34)c21,0
60,COc1ccccc1C(=O)NC1CCCc2c1[nH]c1ccc(Br)cc21,0
61,O=C(O)c1nc(-c2ccsc2)nc(O)c1O,0
62,O=C(CN(C(=O)c1csnn1)c1ccc2c(c1)OCCO2)NCc1ccc(F)cc1,0
63,CC(C)Nc1cncc(-c2cnc3[nH]nc(-c4nc5c(-c6cccc(F)c6)cncc5[nH]4)c3c2)c1,0
64,CCCCCCCCCC(=O)C(O)c1cccc(C)c1,0
65,CC(C)CC(NC(=O)C1CCCN1C(=O)OCc1ccc(N=Nc2ccccc2)cc1)C(=O)O,0
66,Cc1cc(-c2cc(C)c(-n3c(=O)ccc4cc(S(=O)(=O)Nc5cccnn5)ccc43)cc2F)ccc1Cl,0
67,COC(=O)Nc1ccc2c(c1)NC(C(=O)O)CCCCC(NC(=O)C=Cc1cc(Cl)ccc1-n1cnnn1)c1cc-2ccn1,0
68,CC(C)(C)C(=O)OCOP(=O)(OCOC(=O)C(C)(C)C)OCC1OCC(n2cc(C=CBr)c(=O)[nH]c2=O)O1,0
69,O=C(CCCl)Nc1ccc2nc3ccccc3nc2c1,0
70,COc1cc(C=C2CCCN3C2=NOCC3COCc2ccccc2)ccc1-n1cnc(C)c1,0
71,O=C1C(N2CCC(c3ccc(O)cc3)C(F)C2)CCN1Cc1ccccc1,0
72,CCS(=O)(=O)N1CCC(=CC#Cc2cccc(C)n2)CC1,0
73,c1ccc(-c2nc(-c3cccnc3)no2)cc1,0
74,CN1CCN(Cc2cc3c(cc2[N+](=O)[O-])OCO3)CC1,0
75,Cc1nccn1CCCN1C(=O)CNC1=S,0
76,CC(C)CN(Cc1c(O)ccc2c3c(c(=O)oc12)CCC3)CC(C)C,0
77,COc1cccc2c1C(=O)c1c(O)c3c(c(O)c1C2=O)CC(O)(C(=O)CO)CC3OC1CC(N)C(OC)C(C)O1,0
78,OCCc1ccc(-c2ccc(Cl)cc2)o1,0
79,CCC1OC(=O)C(C)C(=O)C(C)C(OC2OC(C)CC(N(C)C)C2O)C(C)(OC)CC(C)C(=NOCCN2CCCC2)C(C)C(O)C1(C)O,0
80,CC(O)CNC(=O)c1cc(NC(=O)c2cc(-c3ncccc3F)ccc2Cl)n(-c2ccccc2)n1,0
81,Nc1ccc2c(Nc3ccc(O)cc3)c3ccc(N)cc3nc2c1,0
82,CCCc1nnc(NC(=O)C2CCCO2)s1,0
83,CCC1Oc2ccc(NC(=O)c3ccc(Cl)cc3)cc2CN(Cc2ccc(F)cc2)C1=O,0
84,COc1cc(C)c(NC(=O)C(S)=NCCc2ccccc2)cc1C,0
85,COc1ccc(C2CCCN2Cc2ccc(Oc3ccc4c(=O)[nH]oc4c3)cc2)cc1,0
86,COC(=O)c1ccccc1OCC(O)CNCCNc1cc(Cl)c2ccccc2c1O,0
87,COc1ccc(-c2cc(C(N)=O)c3[nH]c4ccc(C(=O)N5CC6CC5CO6)cc4c3c2)cc1F,0
88,COc1ccc2c(c1)C(=O)c1c-2n(CCCN)c(=O)c2cc(N)ccc12,0
89,COC1C(c2nc(C)nn2-c2ccc3ncsc3c2)OC(CO)C(O)C1n1cc(-c2cc(F)c(Br)c(F)c2)nn1,0
90,COC1=Cc2cc(O)c(OC3OC(CO)C(O)C(O)C3O)c3c(-c4ccccc4)ccc(c23)C1=O,0
91,CN(Cc1ccco1)CC1OCC2CN(Cc3nccs3)CCC21,0
92,CC(=O)OC(C1COc2ccc3c(=O)cc(-c4ccccc4)oc3c21)C(C)(C)O,0
93,CC(C)CC(C)NC(C)C(O)c1ccccc1,0
94,Brc1ccc(C2=CSC3=NC4=C(CNCC4=Cc4ccccc4)C(c4ccccc4)N23)cc1,0
95,Cc1cn2c(-c3cnn(CC(=O)Nc4ccncc4)c3)cnc2c(Nc2cc(CN3CCCC(C)C3)ns2)n1,0
96,CCCCCCCCCS(=O)(=O)Nc1ccc(CP(=O)(O)O)cc1,0
97,COC(=N)c1nc2ccc3ncnc(Nc4ccc(N5CCCC5)cc4)c3c2s1,0
98,C=C(C)C1CCC2(C)C(O)CCC(C)(O)C2C1,0
99,Cc1c(C(=O)N2CCN(S(=O)(=O)c3ccc(F)c(Cl)c3)CC2)cnn1-c1nn2cccc2c(=O)[nH]1,0
100,CCN1C(=O)C(=C2C=Cc3ccccc3N2C)SC1=Nc1sc2cc(Cl)ccc2[n+]1C,0
101,COC(=O)C1CC2CCC(C1c1cccs1)N2CCO,0
102,O=C1CC(c2ccccc2F)c2c(n3ccsc3nc2=O)N1,0
103,CNC(=O)CN1CCN(C(=O)C2CCC(NC(=O)Cc3sc4ccccc4c3C)CC2)C(Cc2ccccc2)C1=O,0
104,O=C(OCC#CCCCCC#CCS(=O)(=O)c1ccccc1)c1ccc2c(c1)C(=O)c1ccccc1C2=O,0
105,CC(C)(C)c1ccc(Nc2ncc(Cl)c(Nc3cccc(C(F)(F)F)c3)n2)cc1,0
106,Cc1cccc2c(Nc3ccc(NS(C)(=O)=O)cc3)c3ccc(I)cc3nc12,0
107,O=c1oc2cc(-c3cnc4ccnn4c3)ccc2n1Cc1ccc(F)cc1,0
108,COc1cc2c(cc1OC)C(Cc1ccc(N3CCOCC3)c(O)c1)OC2=O,0
109,Cc1nsc(NC(=O)NC2(CN3CCCCC3)CCCCC2)n1,0
110,CN(Cc1cc(Br)cs1)C(=O)C(C)(C)CN,0
111,COc1cc(Nc2ncnc3c(NC(=O)Nc4ccc5c(c4)OCCO5)cccc23)cc(OC)c1,0
112,CN(C)C(=O)c1ccc2c(c1)CC(C(=O)Nc1ccc(-c3cn[nH]c3)cc1)CO2,0
113,COc1ccc(SCC(C)CN2CCC(O)CCC2=O)cc1,0
114,COc1ccc(-c2cc(C)cc(Cl)c2)cc1-n1c(=O)ccc2cc(S(=O)(=O)Nc3ccon3)ccc21,0
115,C=CCN1CCN(C(c2ccccc2OC)c2nnnn2C(C)(C)C)CC1,0
116,Cc1ccc(S(=O)(=O)N2CCN(S(=O)(=O)N3CCCCC3)CC2)c(C)c1,0
117,O=C1NC(=O)C(Cc2nnc(C(=O)c3nc4ccc(-c5ccccc5)cc4s3)o2)N1,0
118,Cc1ccc2[nH]c3c(N4CCN(Cc5ccccc5)CC4)ncnc3c2c1,0
119,C=CC(=O)N1CC(=Cc2ccc(Cl)cc2)C(=O)C2(C1)C(c1ccc(Cl)cc1)C(c1ccccc1)NC21C(=O)Nc2ccccc21,0
120,COc1ccc2ccc(=O)n(CCNC3CCC4C(C3)OC(=O)N4c3ccc4c(n3)NC(=O)CO4)c2c1,0
121,CCN(CC)CCN(C(=O)c1ccc(C(=O)c2ccccc2)cc1)c1nc2c(OC)cccc2s1,0
122,C#CCSc1nc2sc3c(c2c(=O)n1Cc1ccccc1)CCCC3,0
123,CCN1C(=O)C(C)(C)C(=O)N(C)c2cc(OCCCN(CCn3ccc4ccoc4c3=O)Cc3ccc(C(F)(F)F)cc3)ccc21,0
124,CCN(CC)CCCNC(=O)N1CCN(c2ccc(F)cc2)CC1,0
125,CN(C)c1cccc(-c2cc(=O)c3ccc(O)c(O)c3o2)c1,0
126,COC(=O)CSc1cc(NS(=O)(=O)c2ccc(-c3ccccc3)cc2)c2ccccc2c1OC,0
127,O=C1CCC(=O)N1CC1CN(c2cc(F)c3c(c2)OCC2CCCN32)C(=O)O1,0
128,C#CC(=O)N(c1cccc2c1OCO2)C(C(=O)NCc1ccccc1)c1ccccc1,0
129,Cc1cc(Br)ccc1CNC(=O)c1nn(-c2ccccc2Cl)c(-c2ccc(Cl)cc2)c1Cn1cncn1,0
130,CCc1nc(SCC(=O)c2ccc(O)cc2O)n[nH]1,0
131,CCCn1nc(C)c(NS(=O)(=O)c2c(C)cc(OC)c(C)c2C)c1C,0
132,CP1(=O)OCC2(CCCC3(S(=O)(=O)c4ccc(Cl)cc4)c4c(F)ccc(F)c4OCC23)CO1,0
133,NS(=O)(=O)c1cccc(NC(=S)NC(=O)c2cc3ccccc3oc2=O)c1,0
134,O=C(NNC(=O)c1ccc(CNS(=O)(=O)c2ccc(F)c(Cl)c2)cc1)c1ccccc1,0
135,NC(=O)c1cccc2c1C(=O)N(CCN1CCOCC1)C2,0
136,CN1CCC(OC(=O)COc2ccc(Br)cc2)CC1,0
137,CC(C)C(C)Nc1cc(-c2[nH]c([S+](C)[O-])nc2-c2ccc(F)cc2)ccn1,0
138,CCOC(=O)CNC(=S)Nc1ccc(OCCn2c3ccccc3c3ccccc32)cc1,0
139,CC(C)C1CN(c2nnc(-c3ccc(F)cc3Br)n2C)CCO1,0
140,NC(CC(=O)O)(Cc1ccccc1)C(=O)O,0
141,Cc1cc(NC(=NC(C)(C)C)Nc2nccs2)ccn1,0
142,CC(=O)N1c2ccc(S(=O)(=O)NCCC(=O)N(C)C3CCCCC3)cc2CC1C,0
143,C1=CC2=C(CC1)C1=Cc3c(ccc4nccn34)NC1CC2,0
144,CC(C)(C)OC(=O)N1CCCC(OCC(O)CN2CCc3ccccc3C2)C1,0
145,CNc1cc(C)nc(N2CC(C(=O)O)C(C3CC3)C2)n1,0
146,CCc1csc(NC(=S)NCCc2c(F)cccc2F)n1,0
147,Clc1ccc(C2SCc3nc4ccccc4n32)cc1,0
148,COc1ccc(S(=O)(=O)N(Cc2cccc(F)c2F)C(Cc2cccs2)C(=O)NO)cc1,0
149,COc1cccc(CN2C(=O)C(=O)c3cc(OC(F)(F)F)ccc32)c1,0
150,O=P(O)(O)C(O)(C[n+]1cccc(-c2ccccc2)c1)P(=O)(O)O,0
151,Nc1nc(N)c2nc(CN3CCN(Cc4ccc(-c5ccccc5)cc4)CC3)nnc2n1,0
152,CCOP(=O)(OCC)OC1c2[nH]ccc2-c2cc(C(=O)OC)[nH]c2C1OC,0
153,CN(CCO)C(=O)c1cccc(-c2ccc(-c3ccc4c(n3)NCCC4)cc2)c1,0
154,COc1nc(NCC2CCCO2)nc(N2CC3CC(C2)c2cccc(=O)n2C3)n1,0
155,Nc1c(S(=O)(=O)O)cc(Nc2cccc(F)c2)c2c1C(=O)c1ccccc1C2=O,0
156,COc1ccc(S(=O)(=O)NC(C)C(=O)NCc2cccnc2)cc1OC,0
157,C[n+]1ccn(CCCCCCCCCCCn2cc[n+](C)c2)c1,0
158,Cn1c(CC(=O)NO)ccc1C(=O)Cc1ccccc1,0
159,CC(C)n1ncc2cc(NC(=O)c3cccc(S(=O)(=O)N4CCCC4)c3)cnc21,0
160,C=CC(=O)Nc1cc(Nc2nccc(-c3cn(C)c4c(F)cccc34)n2)c(OC)cc1N(C)CCN(C)C,0
161,c1ccc(CCN2CCC(N(Cc3ccccc3)c3nc4ccccc4[nH]3)CC2)cc1,0
162,Cc1ccc(C(=O)Nc2ccc(CN3CCN(C)CC3)c(C(F)(F)F)c2)cc1C#Cc1cnc(C)n1C,0
163,Nc1nc(N)c2c(Oc3cccc(Cl)c3)cccc2n1,0
164,CN1CCN(c2ccc(Nc3ncc4c5ccc(OC(F)(F)F)cc5n(-c5cccc(NC(=O)CN)c5)c4n3)cc2)CC1,0
165,CC(c1ccccc1)n1c(NC2CCN(CCc3ccccc3)CC2)nc2ccccc21,0
166,CCN(CC)CCC(C)COc1c(Cl)cc(Cl)c2cccnc12,0
167,CCc1ccccc1N=C(S)N(CCc1ccncc1)C(C)C,0
168,CC1=C(C=CCCCC=CCO)C(=O)OC1=O,0
169,O=C(COC(=O)c1cc2ccccc2o1)NCc1ccco1,0
170,CN1CCN(c2ccc3c(N)cccc3n2)CC1,0
171,COc1cccc2nc(Nc3ccccc3)oc(=O)c12,0
172,Cc1c(C(C)OC(=O)Nc2ccccc2)sc2ncnn12,0
173,COc1cc2c3nnc(-c4ccc(F)cc4)c-3cn(Cc3cccc(C)c3)c2cc1OC,0
174,CC(C)(O)CCCC(CC#CC(O)(C(F)(F)F)C(F)(F)F)C1CCC2C(=CC=C3CC(O)CC(O)C3)CCCC21C,0
175,O=C(Nc1ccccc1-c1cn2c(CN3CCNCC3)csc2n1)c1ccncn1,0
176,CC(NC(=O)c1cc(C(F)(F)F)nn1C)c1nc(-c2ccnc(C(F)(F)F)c2)no1,0
177,COc1c(O)cc(C(=O)O)cc1S,0
178,Cc1nc(N2CCN(Cc3ccccc3)CC2)nc(O)c1C,0
179,Cn1ncc(NC(=O)OCc2ccccc2)c1N1CCC(N)CC(F)(F)C1,0
180,COc1cc2oc3ccccc3c2cc1N(CC(=O)N(C)C)S(=O)(=O)c1ccccc1,0
181,COc1ccccc1C1(O)CCNCC1,0
182,Clc1cncc(OCC2CC3CC3N2)c1,0
183,Cc1cccc(Nc2nc(-c3ccnc(-c4cn(CCCCCCN)nn4)c3)cs2)c1,0
184,NC(=O)c1cc2c(nc1N)CCN(C(=O)C1CCCCC1)C2,0
185,Cc1ncc2c(n1)CCCC2NC(=O)c1ccc(Cn2cccn2)cc1,0
186,CC1CCCCC1NC(=O)NCCCCc1ccccc1,0
187,COc1ccc(Cc2nc3nccc(-c4ccncc4)n3n2)cc1,0
188,Cn1c(=O)c2c(nc3nc(NCCCN4CCN(c5cccc(Cl)c5)CC4)c(Br)cn32)n(C)c1=O,0
189,COc1ccc(C2CC(c3ccc(C(F)(F)F)cc3)=NN2c2ccc(S(N)(=O)=O)cc2)cc1,0
190,CN1CCC(N(C)Cc2cnc(-c3ccccc3)s2)C1,0
191,CN1CCc2nc(N3CCC(Oc4ccc(F)cc4F)CC3)c(NCC(F)F)nc2C1,0
192,C=CCN1C(=O)C(=CC(C)=Cc2ccccc2)SC1=S,0
193,CC(OC(=O)c1ccc2c(c1)OCO2)C(=O)NC1CCCCC1C,0
194,CCN(CC(=O)NCc1cccs1)C(=O)CCCOc1ccc(C(C)(C)C)cc1,0
195,Cc1sc(NC(=O)c2cc(O)c(O)c(O)c2)c(C#N)c1C,0
196,CC(=O)Oc1cccc2ccc(C=Cc3cccc(Cl)c3)nc12,0
197,COCC1CN(C(=O)CS(C)(=O)=O)Cc2ncn(CC3CC3)c21,0
198,CCc1ccc(C2CC(=O)Nc3c2c(C)nn3-c2nc(C)cc(C)n2)s1,0
199,CC(C)N(Cc1ccccc1)C(=O)CN1C(=O)C(Cc2c[nH]c3ccccc23)c2nnc(-c3ccccc3)n2-c2ccccc21,0
200,[N-]=[N+]=NC1CC(n2cnc3nc(N)nc(OC4CCC4)c32)OC1CO,0
201,O=C(Cc1cc2ccccc2[nH]1)NCc1cn(-c2ccc(O)cc2)nn1,0
202,Fc1ccc(CN2CCOCC(Oc3ccc(C(F)(F)F)cn3)C2)cc1,0
203,COc1ccc2nc(C)c3c(C)nc(-c4c(C)noc4C)n3c2n1,0
204,Nc1nc(-c2cccc(P(=O)(O)O)c2)cs1,0
205,CCn1c(=O)[nH]c(=O)c2c1nc(Cc1cn3ccccc3n1)n2Cc1ccc(CC(=O)O)cc1,0
206,CCN(CC)c1nc2c(c(=O)n(C)c(=O)n2C)n1CC(=O)c1ccc(OC)c(OC)c1,0
207,COc1cc2nc(N3CCN(C(=O)C4CC5C=CC4C5)CC3)nc(N)c2cc1OC,0
208,Cc1cc2c(nc1C(O)c1cccc(Cl)c1)CCCCC2,0
209,C=CC1=CC2C3OC4(CC5CCCC6(CCC7(OC(CCC7(C)O)CC(=C)CCCC7=NCC(C)C(C)CC72CC1)O6)O5)CC(C)C(O)C3O4,0
210,N=C(N)Nc1ccccc1SCc1cc(Br)cc(Br)c1,0
211,CCc1cc(OCCc2nc(-c3ccc([N+](=O)[O-])cc3)oc2C)ncc1CCC(=O)O,0
212,CN(C)N=Cc1ccc([N+](=O)[O-])cc1[N+](=O)[O-],0
213,Cc1cc(CN2CCN(C(=O)NCc3ccc(C)s3)CC2)no1,0
214,COc1cccc(CCC(=O)OC2Cc3cc4ccc(=O)oc4cc3OC2(C)C)c1,0
215,c1ccc2c(OCC3CCCN3c3ccnc4ncnn34)cccc2c1,0
216,CCn1nc(C)c(Nc2ncc(Br)cn2)c1C,0
217,COc1cc(C)c(C(C)C)cc1S(=O)(=O)n1cnc([N+](=O)[O-])c1,0
218,CS(=O)(=O)Nc1ccc(-c2cc3c(NC(CO)c4ccccc4)ncnc3[nH]2)cc1,0
219,COc1ccc(S(=O)(=O)C(CCC(C)C)(Cc2cccnc2)C(=O)NO)cc1,0
220,Cc1ccncc1-c1nc(C)c2c(C)nc3ccc(C(F)(F)F)cc3n12,0
221,CCc1nc(-c2cc(S(=O)(=O)Nc3cccc(Cl)c3C)c(C)s2)cs1,0
222,O=C(NCc1ccccc1)Nc1ccc(-n2ccc(-c3ccccc3)n2)cc1,0
223,COc1ccc(-c2nc(C)ccc2OC)c(OC)n1,0
224,CN1CCN(C(=O)C2SCCc3sccc32)CC1,0
225,O=C(Nc1ccc(C=Cc2ccc(NC(=O)C3CCCN3C(O)Cc3ccccc3)cc2)cc1)C1CCCN1C(O)Cc1ccccc1,0
226,COc1cccc(Nc2nc(-c3ccc(Cl)cc3)ncc2C(=O)NCCC2CCCN2C)c1,0
227,CC(C)CC1NC(=O)C(C(C)C)NC(=O)c2cc([N+](=O)[O-])cc(I)c2NCCC(C(N)=O)NC1=O,0
228,COc1ccc2c(c1)C1(CCC(C(=O)N(C)CCN3CCCCC3)CC1)OC2=O,0
229,O=C(c1ccccc1)N(Cc1ccc(F)cc1)Cc1nc(O)c2ccccc2n1,0
230,O=C(C1=CC(C2CCCCC2)CC(OCc2ccc(CO)cc2)O1)N1CCN(Cc2ccccc2)CC1,0
231,COC(=O)c1scc(C)c1N1C(=O)c2ccccc2C1=O,0
232,O=C1c2ccc(O)cc2C(=O)N1c1cccc2c(O)cccc12,0
233,CN1CC2(CCN(C(=O)C3CCCCCC3)CC2)CC(c2ccccc2)C1=O,0
234,CCc1cc(-c2ccncc2)cc(CC)c1Nc1cccc(CN2CCCC2)c1C(=O)O,0
235,N=C(N)NCCCc1cn(Cc2ccccc2)nn1,0
236,CCCS(=O)(=O)Nc1ccc(F)c(-c2cc3cnc(NCCCO)nc3n(C)c2=O)c1F,0
237,O=C(C=Cc1ccc([N+](=O)[O-])cc1)NO,0
238,Cc1ccc(F)c(N2CCC(NC(=O)c3nn(-c4ccccc4)c(C)cc3=O)CC2)c1,0
239,O=C1OC(c2ccsc2)(c2ccccc2O)CC(O)=C1Sc1ccccc1Cl,0
240,CN(C(=O)Oc1c(C(C)(C)C)cccc1C(C)(C)C)S(=O)(=O)NC(c1ccccc1)c1ccccc1,0
241,O=C1C(=Cc2cccc(F)c2)CN(C(=O)C(Cl)Cl)CC1=Cc1cccc(F)c1,0
242,N#Cc1ccc(Nc2nc(Cc3c(Cl)cccc3Cl)nc(N3CCOCC3)n2)cc1,0
243,COc1cc(OC)c(NC(=O)c2ccc(OCC3CCCO3)cc2)cc1Cl,0
244,Cc1cc2c3ccccc3nc(O)n2n1,0
245,CCOc1ccc(C=C2Sc3ccc(C(=O)NCC4CCCO4)cc3N(C)C2=O)cc1OC,0
246,CNC(=O)c1cc(Oc2ccc(N3CCN(c4ccc(Cl)c(C(F)(F)F)c4)C3=O)cc2)ccn1,0
247,Clc1cc(Cl)c(N=C2NCCN2)c(Cl)c1,0
248,CC[n+]1c(-c2cc3c(cc2C(C)C)CCC2C(C)(C(=O)OC)CCCC32C)csc1C,0
249,CN(C)CCC(c1ccc(Cl)cc1)c1ccccn1,0
250,CS(=O)(=O)Nc1ccccc1NC(=O)C=Cc1cccc([N+](=O)[O-])c1,0
251,CC1(C)C(C(=O)OCc2c(F)cc(F)cc2F)N2C(=O)C(NC(=O)COc3ccccc3)C2S1(=O)=O,0
252,Cc1ccc(C(=O)N2CCCN(S(=O)(=O)c3ccccc3)CCC(=O)NCC2)s1,0
253,COc1ccc(S(=O)(=O)N(C)C)cc1NC(=O)COC(=O)C1CC1,0
254,COC(=O)CN1CCC(Nc2ncc(C)c(N(C)C)n2)CC1,0
255,C=C1C(=CC=C2CCCC3(C)C(C(C)CC=CS(=O)(=O)C(C)(C)C)=CCC23)CC(O)CC1O,0
256,Cc1cc(N=C2C(=O)N(S(=O)(=O)C(F)(F)F)c3ccc(OC(F)(F)F)cc32)ccc1N1C(=O)c2ccc(Cl)cc2C1=O,0
257,CCC(C)C(NC(=O)C1CC2CCCCC2N1C(=O)C1CC2CCCCC2N1)C(=O)NC(C)C(=O)O,0
258,O=C1c2ccccc2N2C(=O)c3ccccc3C2N1Cc1ccccc1,0
259,CC(C)(C)C1OC(=O)C1NC(=O)OCc1ccc(-c2ccccc2)cc1,0
260,CNc1ccccc1SC(N)=C(C#N)C(C#N)=C(N)Sc1ccccc1NC,0
261,COc1ccc(N2CCN(Cc3cnc4cc(C)ncn34)CC2)cc1,0
262,O=C(Nc1ccc(S(=O)(=O)Nc2nccs2)cc1)c1cc(Cl)ccc1O,0
263,COC1C(CO)OC2C(C1O)n1c3c(Cl)cccc3c3c4c(c5c6cccc(Cl)c6n2c5c31)C(=O)NC4=O,0
264,Nc1ccc(CN2CCN(C(=O)c3ccc(-c4nc(-c5ccc(C(F)(F)F)cc5)no4)nc3)CC2)cc1,0
265,Cc1nn(-c2ccccc2)c(C)c1NC(=O)COc1ccccc1C#N,0
266,COc1cc(N2CCC(N3CCN(C)CC3)CC2)ccc1Nc1ncc(Cl)c(Nc2ccccc2C(C)O)n1,0
267,COc1ccc(C(=O)C[n+]2cc(-c3ccc(OC)cc3)n3c2CCC3)cc1,0
268,COc1cc(C=Cc2ccc(O)cc2)c(C=C[N+](=O)[O-])c(OC)c1,0
269,COc1cc(C(F)(F)F)cc(SC)c1C(=O)NC1(c2cnccn2)CCCN(C)C1,0
270,Cc1cc(Nc2nc(Oc3ccccc3)nc3ccccc23)n[nH]1,0
271,COC(=O)C1CC(OC(C)=O)C(=O)C2C1(C)CCC1C(=O)OC(C(=O)c3cnccn3)CC12C,0
272,N=c1sc2ccccc2n1CC(O)c1ccc(Cl)c(Cl)c1,0
273,COc1ccc(C)cc1N=C(N)Nc1nc(C)cc(C)n1,0
274,CCSCc1c(C)nc2c(OCc3ccccc3)cccn12,0
275,Oc1c(F)cc(F)c2cccnc12,0
276,O=c1[nH]cnc2c1C(c1ccccc1)C1=C(CCCC1)N2,0
277,Cc1ccc(S(=O)(=O)Nc2c(C(=O)NC(C)C(C)(C)C)c(C)nn2C2CCN(C)CC2)cc1,0
278,Nc1nc(N)c2c([S+]([O-])c3ccc(Cl)c(Cl)c3)cccc2n1,0
279,CCN(CC)C(=O)CSc1ncccc1-c1nc2ccccc2[nH]1,0
280,CCOC(=O)C=Cc1ccc(-n2c(-c3ccccc3)cc(C(=O)OCC)c2C(=O)c2ccccc2)cc1,0
281,Cc1cc(OCCO)ccc1-c1cccc(COc2ccc(Cn3oc(=O)[nH]c3=O)cc2)c1,0
282,O=C(O)C(Cc1c[nH]c2ccccc12)NC(=O)C(CS)C1CCCc2ccccc21,0
283,COc1ccc(C=Cc2cccc(C=Cc3ccc(OC)c(N)c3)c2)cc1N,0
284,CCOCCN1CC2CCC1CN(Cc1ccccn1)C2,0
285,COCCN(CCOC)c1nc2c(s1)c(C)nn2C,0
286,CN(C)CCNC(=O)CC1Oc2ccccc2-c2ccc3c(c21)C(=O)C(=O)N3Cc1ccc(C(F)(F)F)cc1,0
287,Cc1cc(-c2ccc3c(=O)c(-c4ccc(N5CCC(N(C)C)C5)nc4)coc3c2)ccc1Cl,0
288,CC(C)(O)CNC(=O)C1CCN(c2ccc(NC(=O)N3Cc4ccncc4C3)cc2)CC1,0
289,COC(=O)C1CN(c2cccc3cc(S(=O)(=O)Nc4ncns4)ccc23)CCO1,0
290,COc1ccc(-c2nc(NCc3ccc(O)c(OC)c3)sc2Cc2ccccc2)cc1,0
291,CC(COC(F)F)N1CCN(CC#Cc2cccc3nc(C4CCCN4c4ncnc(N)c4C#N)n(-c4ccccc4)c(=O)c23)CC1,0
292,OCC(O)C(O)C(O)C(C=NNc1ncnc2ccc(Br)cc12)=NNc1ncnc2ccc(Br)cc12,0
293,O=C(NC1CCCCCCC1)c1cc(COc2ccc3ncccc3c2)on1,0
294,O=C(CN(C(=O)c1csnn1)c1cccc2ccccc12)NCc1ccc(F)cc1,0
295,CN1C2CCC1C(c1cc(-c3ccc(F)cc3)no1)C(c1ccc(Cl)cc1)C2,0
296,COC(=O)C1=C(C)NC2=C(C(=O)CC(c3ccc(OC)cc3)C2)C1c1ccc(F)cc1,0
297,Cc1ccc2c(c1)c(=O)c1c(NCCCN3CCN(CCCN4C(=O)c5cccc6cc([N+](=O)[O-])cc(c56)C4=O)CC3)ccc3ncn2c31,0
298,O=C(NCc1cn(-c2ccccc2)c2cc(Cl)ccc2c1=O)c1cnc(N2CCC(CO)CC2)s1,0
299,COc1ccc(C2CC(c3ccc(NS(C)(=O)=O)cc3)=NN2C(=O)c2cccs2)cc1OC,0
300,Cn1ccnc1SCC(=O)Nc1sc2c(c1C(=O)NCc1ccccc1)CCCC2,0
301,c1cc(COc2ccc(C3=NCCN3)cc2)nc(COc2ccc(C3=NCCN3)cc2)c1,0
302,COc1cccc(Nc2ncc3ncc(=O)n(C4CC4)c3n2)c1,0
303,CN(C(=O)C(Cc1ccccc1)NC(=O)Cc1c[nH]c2ccccc12)c1ccc(F)cc1,0
304,CCOC(=O)C(C#N)=CC1=C(N2CCCC2)CC(C)(C)OC1,0
305,O=C(CCN1CCOCC1)Nc1ccc(Br)cc1C(=O)c1ccccc1,0
306,COc1ccc(C=C2NC(=O)N(CCCCN3CCN(c4cccc(Cl)c4Cl)CC3)C2=O)cc1OC1CCCC1,0
307,CC1(C)CCC2=C(C1)c1n[nH]c(=O)c3cccc(c13)N2,0
308,OCC1(O)CCCN(Cc2noc(-c3ccccc3)n2)CC1,0
309,O=C(c1ccc2c(c1)CCCC2)N1CCN(c2nc3c(F)cccc3s2)CC1,0
310,CCOc1ccc(-c2nc(NC(=O)C(C)(C)N)sc2-c2cc(OC)c(OC)c(OC)c2)cc1,0
311,CCc1ccc(C(=O)NNc2c(Cl)cccc2Cl)cc1,0
312,O=S(=O)(Nc1ccc2[nH]c3ccncc3c2c1)c1cc(Cl)ccc1Cl,0
313,Oc1ccc2c(c1)OC(CNCc1cccs1)CC2,0
314,CC(O)(C(=O)Nc1ccc([N+](=O)[O-])c(C(F)(F)F)c1)C(F)(F)F,0
315,CCc1cccc(N(C)C(=N)Nc2ccccc2)c1,0
316,O=C(Oc1ccc([N+](=O)[O-])cc1)N1CCC2(CC1)OC2(c1ccccc1)c1ccccc1,0
317,COC(=O)C1=CN(C)C(=O)C2C(CN3CCN(Cc4ccc(C(F)(F)F)cc4)CC3)=CCC12,0
318,Clc1ccc(CSc2nnc(-c3ccccc3COc3ccc(Cl)cc3)o2)cc1,0
319,O=C(C1CCC1)N1CCC2(COCc3cnc(N4CCOCC4)nc32)C1,0
320,O=S(=O)(NCc1ccccc1)Nc1ncnc(OCCOc2ncc(Br)cn2)c1-c1ccccc1,0
321,c1ccc2c(c1)Sc1ccccc1N2CC1CN2CCC1CC2,0
322,CN(C)C=Nc1ccc2[nH]c3c4ccccc4nc-3cc2c1,0
323,CN(C)CC1COC2Cc3ccccc3C1O2,0
324,O=S(=O)(NCc1ccccc1)Nc1ccc(-c2cn[nH]c2)cc1,0
325,Cc1c(C(=O)NC2CC2NC(=O)OC(C)(C)C)sc2ncnc(Nc3ccc(F)cc3OC(CF)CF)c12,0
326,CC(=O)C1CCC(c2ccccc2)N(S(=O)(=O)c2ccc(C)cc2)C1,0
327,O=C1C2CN(S(=O)(=O)c3ccccc3)CC2CCN1c1ccc(OCC(F)(F)F)cc1,0
328,Nc1cccc(C#Cc2ccc(F)cc2)c1,0
329,CCCCCC(C)C(C)c1cc(OC(=O)CCCN2CCOCC2)c2c(c1)OC(C)(C)C1=C2CC(C)CC1,0
330,CCCCCOc1ccccc1C(O)CC=CCCCC(=O)O,0
331,Cc1ccc(C)c(CN(C)Cc2nnc3ccccn23)c1,0
332,Cc1cccc2cc(C3CC(c4cccs4)=NN3S(C)(=O)=O)c(Cl)nc12,0
333,NS(=O)(=O)c1ccc(NC(=O)C(F)(F)C(F)(F)C(F)(F)C(F)(F)C(F)(F)C(F)(F)C(F)(F)C(F)(F)F)c(F)c1,0
334,N#CC(C(=O)Nc1ccc(Cl)c(Cl)c1)=C1Nc2ccccc2N1,0
335,C=C(c1ccc(F)cc1)C1OOC2(OC1c1ccc(F)cc1)C1CC3CC(C1)CC2C3,0
336,CC(=NNc1ccc2ccccc2n1)c1ccccn1,0
337,COc1ccc(-c2nc3cc(NC(=S)NC(=O)Cc4ccccc4)ccc3o2)cc1,0
338,Cc1cn2c(-c3cn[nH]c3)cnc2c(Nc2ccc(C(=O)N3CCNCC3)c(Cl)c2)n1,0
339,CN(C)C(=O)N1CCC(O)C1Cc1cnn(C)c1,0
340,COc1ccc(C=CC(=O)c2ccccc2)cc1S(=O)(=O)N(C)C,0
341,COc1cc(-n2cccn2)ccc1Nc1nc2c(c(Nc3ccccc3S(=O)(=O)NC(C)C)n1)CCN2,0
342,CCc1c(C)nc2cc(-c3ccc(OC)cc3)nn2c1O,0
343,O=C(Nc1ccc(C(=O)N2CCC(O)(c3ccc(Cl)c(C(F)(F)F)c3)CC2)cc1)c1ccc(Br)o1,0
344,OCC1(CCc2ccccc2)CCN(Cc2cnn(-c3ccc(F)cc3)c2)CC1,0
345,COC(=O)c1ccc(C23CC2(C(NP(=O)(c2ccccc2)c2ccccc2)c2ccccc2)C3)cc1,0
346,COc1ccc(C(=O)Nc2cccc(C(CCN3CCCCC3)Nc3ncnc4c(C(N)=O)cccc34)c2)cc1,0
347,COc1cc2ncc(NCC3CCCCC3)nc2cc1OC,0
348,COc1cc(CCCc2ccccc2)ccc1CC(C)N,0
349,Cc1cc(C(=O)NNS(=O)(=O)c2ccc(C)cc2F)cc(-n2cccn2)c1,0
350,COc1ccc2nc(-c3ccc(O)cc3)cc(O)c2c1,0
351,COc1nccc(N2CCC(CC(=O)N3CCN(CC(=O)N4CCCC4)CC3)CC2)n1,0
352,CCOc1cccc(-n2cc(C(=O)N3CCN(c4ccc5ccccc5c4)CC3)nc2-c2c(F)cccc2F)c1,0
353,Oc1ccc(CCC2CCCCN2Cc2noc(C3CC3)n2)cc1,0
354,O=S(=O)(N1CCCCC1)N1CCOC(c2ccc(F)cc2)C1,0
355,Cc1c(Cl)cccc1CNc1nc(NC2CC2)n2ncc(C=C3NC(=O)NC3=O)c2n1,0
356,Cc1cc(-c2ccc(C#N)cc2)ccc1CCC(C)(C(=O)NO)S(C)(=O)=O,0
357,CC(C)(CC(O)(Cc1cc2ccccc2[nH]1)C(F)(F)F)c1cc(Br)cc2c1OCC2,0
358,COc1cccc(CCN2CCN(CCCc3ccccc3)CC2)c1,0
359,COc1ccc2c(n1)c(N1CCN(C(c3ccc(F)cc3)c3ccc(F)cc3)CC1)c(C#N)c(=O)n2C,0
360,c1ccc(C2=NOC3(C2)CN2CCC3CC2)cc1,0
361,NC(=S)C1CCCc2cc3c(nc21)CCC3,0
362,Cc1nn(-c2cccc(F)c2)cc1CNC(C)c1ncn(C)n1,0
363,COc1ccc(-c2nc3c([nH]2)CCN(C(=O)CCC2NC(=O)NC2=O)C3)cn1,0
364,COc1cccc(-c2cc(C(=O)Nc3cc4ccc(OC5CCC(NC6CCOCC6)CC5)c(C)c4oc3=O)ccc2OC)c1,0
365,COc1ccc(NC(=S)N2N=C(c3ccc4ccccc4c3O)CC2c2ccc(OC)cc2)cc1,0
366,Oc1cc(O)c2c(c1)OC(c1ccc(O)c(O)c1)C(O)C2,0
367,CC(C)CNC1CS(=O)(=O)CC1C(=O)Nc1ccc(Cl)c(Cl)c1,0
368,Cc1n[nH]c(C)c1CCCCOc1ccccc1[N+](=O)[O-],0
369,COc1ccc(C(CC(=O)NC2CCCC2)c2c(O)cc(OC)cc2OC)cc1,0
370,c1ccc(N(CCCN2CCN(CCCNc3c4ccccc4nc4ccccc34)CC2)c2ccccc2)cc1,0
371,CC(=O)N1CCC(C)(c2ccccc2)c2cc(NC(=O)OC3CC4CCC3C4)ccc21,0
372,Cc1cn2cc(NC(=O)c3ccc(N4CCNC(C)C4)cc3F)nc2c(C)n1,0
373,CCN(CC)CCNC(=O)c1ccc(I)c2c(=O)c3ccccc3[nH]c12,0
374,COCCn1cc(NC(=O)NC(C)c2ccc(Cl)s2)cn1,0
375,O=C(NC1CCCCC1)N1Cc2cc(-c3ccccc3)ccc2-n2nncc2C1,0
376,CS(=O)(=O)c1ccc(C(CC2CCOCC2)C(=O)Nc2nc(-c3ccccc3)cs2)cc1,0
377,Nc1cncc(-c2ccc(NC3CCCC3)nn2)c1,0
378,C=CCC(C#Cc1ccccc1)[N+](C)(C)CC=C,0
379,O=C(COc1ccc(Cl)cc1Cl)Nc1cc(C2CCC2)nn1C1CCS(=O)(=O)C1,0
380,COC(=O)c1ccc2c(C(C(=O)NS(=O)(=O)c3ccc(C(C)C)cc3)c3ccc4c(c3)OCO4)cn(C)c2c1,0
381,Cc1cccc2cc(C(c3nnnn3Cc3ccc4c(c3)OCO4)N3CCCC3)c(O)nc12,0
382,CC1CCCC(C)N1CCCNC(=O)c1nn(C)c2c1CSc1ccccc1-2,0
383,CC(C)=CCCC(C)(O)C1CCC2(C)C1CCC1C3(C)CCC(=O)C(C)(C)C3CCC12C,0
384,O=C(NCc1ccco1)c1csc(Nc2ccccc2Cl)n1,0
385,CCCN(CCC)CC(=O)C1(O)CCC2C3CCC4=CC(=O)CCC4(C)C3=CCC21C,0
386,O=[N+]([O-])c1cc(CSc2nnc(-c3ccc(Cl)cc3)n2Cc2ccccc2)cc(C(F)(F)F)c1,0
387,CCN(CCCOc1ccc2ccccc2c1)c1ccc(OC)cc1,0
388,O=C(Nc1ccc(F)cc1)c1ccc(SCC(=O)c2csc3ccc(Br)cc23)nc1,0
389,Fc1cc2c(cc1F)-c1ccc(OC(F)(F)F)cc1[I+]2,0
390,CCC1(O)Cc2c(O)c3c(c(O)c2C(OC2CC(N)C(O)C(C)O2)C1)C(=O)c1ccccc1C3=O,0
391,CN(C)C1(c2ccc(Br)cc2)CCC(O)(CCc2ccccc2)CC1,0
392,Cc1cc(C)nc(SCC(=O)Nc2cccc(COc3ccc4[nH]ncc4c3)c2)n1,0
393,CN(C)c1ccc(C(=O)N2CCOc3ccccc3C2CO)cc1,0
394,c1ccc(N2CCCC3(CCNCC3)C2)cc1,0
395,O=C(C=CN1CCC(c2cc[nH]n2)CC1)c1ccccc1O,0
396,COc1ccc(OC)c(C=NN2CCN(c3ccc(Cl)cc3)CC2)c1,0
397,COc1ccc(N2C(=O)c3ccccc3NC2c2ccc(OC)c(CSc3ccccn3)c2)cc1,0
398,CC(C)CNC(=O)C(C)CC(O)C(NC(=O)C(Cc1ccccc1)NC(=O)OC(C)(C)C)C(C)C,0
399,COc1ccc(C=NNC(=O)CSCC(=O)Nc2ccccc2)cc1,0
400,Fc1cnc(-c2c[nH]c3ncc(Cl)cc23)nc1NC1CCCNC1,0
401,N#Cc1cc(Br)ccc1N=c1ssnc1N1CCN(CCCl)CC1,0
402,O=C1c2ccccc2C(=O)N1CC=CCN1CCN(c2nsc3ccccc23)CC1,0
403,CC(O)(CN1CCN(CCOC(c2ccc(F)cc2)c2ccc(F)cc2)CC1)c1ccccc1,0
404,C=CCNc1nc(-c2ccc(OC)cc2OC)cs1,0
405,N#Cc1ccccc1OCCCN1CCC(Cc2ccccc2)CC1,0
406,CC(C)(O)C=CCC(C)(O)C1CCC(C)(C2CCC(C3(C)CCC(C(C)(O)CC=CC(C)(C)OO)O3)O2)O1,0
407,Clc1ccc(-c2noc(C3CNC3)n2)cc1,0
408,N#Cc1ccc(S(=O)(=O)NCCCN2c3ccccc3CCc3ccc(Cl)cc32)cc1,0
409,Cc1ccc2c(c1C)NC(=O)C21NC(CC(N)=O)C2C(=O)N(c3sc4c(c3C#N)CCCC4)C(=O)C21,0
410,Cc1cc(C#N)cc(C)c1Oc1nc(Nc2ccc(C#N)c(F)c2)nc2cc[nH]c12,0
411,Cc1ccc(-n2nc(C(C)(C)C)cc2NC(=O)Nc2cc(-c3ccc(=O)n(C)c3)[nH]n2)cc1,0
412,CC1CCCC(N(CC(O)Cn2c3ccccc3c3ccccc32)S(C)(=O)=O)C1,0
413,COc1cc(OC)cc(OCc2ccc(CCN3CCN(c4cc(C)ccc4C)CC3)cc2)c1,0
414,Cn1ccc2cc(CNC(=O)N3CC(COc4ccc(F)c(F)c4)C3)ccc21,0
415,COCCN1CC(CN2CCc3c(Cl)cccc3C2)CC1=O,0
416,O=C(Nc1ccc(SC(F)(F)F)cc1)c1ccc(SC(F)(F)F)cc1,0
417,CNC(=O)C(NC(=O)C(CCc1ccccc1)CP(=O)(O)Cc1ccc(Cc2cccc(F)c2)cc1)C(C)(C)C,0
418,Cc1nn(-c2ccc(C(=O)NC3CCCc4cc(CN5CCCCC5)ccc43)cc2)c(=O)c2c(Cl)cccc12,0
419,CNC(=O)c1cc(-c2ccnn2-c2ccc(C#N)cc2)c(C)n(-c2cccc(C(F)(F)F)c2)c1=O,0
420,CCCCCCN1CC(C(=O)NCc2ccc3c(-c4cccc(C(N)=S)c4)cn(C4CCN(S(=O)(=O)C(F)(F)F)CC4)c3c2)C1,0
421,COc1cccc(C(=O)COC(=O)C2CC3CCCC(C2)C3=O)c1,0
422,CC1OC(C2CCC[N+]2(C)C)C[S+]1[O-],0
423,COc1cc(-c2cnc(F)c(C)c2)ccc1-c1nccc2cc(S(=O)(=O)Nc3ccncn3)ccc12,0
424,O=C(Nc1cnn(Cc2ccc(C(F)(F)F)cc2C(F)(F)F)c1)c1cc(-c2cccs2)on1,0
425,CC(C)(O)C1CCC(C)(C2C(O)CC3(C)C4CCC5C(C)(C)C(=O)C(Br)CC56CC46CCC23C)O1,0
426,N#Cc1cc2cc[nH]c(=O)c2c2cc(Cl)ccc12,0
427,O=C(O)c1ccc(OCCc2cncs2)cc1,0
428,c1ccc(-c2cc(Cn3cnc4ccccc43)cc(-c3ccccc3)c2)cc1,0
429,COC(=O)c1cc(-c2cc(=O)c3cc(C)ccc3o2)cc([N+](=O)[O-])c1,0
430,CCOC(=O)CCn1c2ccccc2c2cc(C(=O)N3CCN(C)CC3)ccc21,0
431,NC(Cn1cc(-c2ccccc2)nn1)C(=O)O,0
432,CCN(CC)C(=O)C(=O)N1CCc2cc(OC)c(OC)cc2C1c1ccccc1,0
433,NCc1cccc(-n2nc(C(F)(F)F)cc2C(=O)Nc2cc(C(O)(CCC3CC3)c3ccccn3)ccc2F)c1,0
434,CC=C(C)C(=O)OC1C2OC(CCCCC)CCCCCCC(=O)CCC(=O)OCC(O2)C(O)C1OC(=O)C=Cc1ccccc1,0
435,COc1ccc(C(C)=O)cc1CN1C(=O)C(C)ON=C1c1cccc(C(F)(F)F)c1,0
436,COCCCn1nc(C(C)N(C(=O)C2CNCCO2)C2CC2)c2ccccc21,0
437,N#Cc1cccc(COC(=O)c2cn[nH]c2)c1,0
438,O=C(Nc1ccc2c(C(=O)c3ccccc3)c(O)n(O)c2c1)c1cccs1,0
439,CCOC(=O)C(=O)Nc1cc(Br)c(Oc2ccc3[nH]cc(C(C)C)c3c2)c(Br)c1,0
440,O=C(COC(=O)c1ccc(O)cc1O)c1ccc2c(c1)OCO2,0
441,c1ccc(Cn2c(N=NNc3nc4ccccc4n3Cc3ccccc3)nc3ccccc32)cc1,0
442,CC(C)n1ccnc1C=CC=CC(=O)C=CC=Cc1nccn1C(C)C,0
443,CN1CCN(c2ncc3nc(-c4cn(C)c5ccccc45)c(=O)n(CCc4ccccc4)c3n2)CC1,0
444,CCOC(=O)Nc1ccc2c(c1)N(C(=O)CN1CCN(C)CC1)c1ccccc1CC2,0
445,CCn1ccnc1CN1CCN(Cc2ccncc2)C2CS(=O)(=O)CC21,0
446,Cc1cc(O)cc(-c2ccc(-c3ccc(O)cc3)s2)c1,0
447,Cc1nn(C)c(C)c1NC(=O)CN1CCc2c(nc(C3CC3)n2C)C1,0
448,CN1c2ccccc2C(=O)N2CCc3c(n(CCCCCCO)c4ccccc34)C21,0
449,CCCCN1C(=O)C(CC2CCCCC2)NC(=O)C12CCN(CCc1cccc(Sc3ccccc3)c1)CC2,0
450,CC(C)CNC(=O)COC(=O)C=Cc1ccccc1[N+](=O)[O-],0
451,COCC(=O)Nc1ccc(N(Cc2ccsc2)C(=O)Cn2nnc3ccccc32)cc1,0
452,Cc1ccc(NC(=O)CCNC(=O)c2ccccc2Cl)cc1S(=O)(=O)N1CCOCC1,0
453,O=C(NCCC1CCC(F)(F)C1)c1cncc(N2CCCC2=O)c1,0
454,Cc1ccccc1C=CC(=O)C1CCC2C3CC=C4CC(O)CCC4(C)C3CCC12C,0
455,Cc1ccc(-c2cc(=O)c3cc4c(cc3[nH]2)OCO4)o1,0
456,CCC(CC)Cc1ccc(OCC(C)OC(=O)N(C)C(C)C)cc1,0
457,CN(C)c1ccc(N2C(=NC(=O)C3CCCO3)SC3CS(=O)(=O)CC32)cc1,0
458,CC12CCC3C(CCC4CC(OC(=O)c5ccncc5)CCC43C)C1Cc1snnc12,0
459,CCOC(=O)N1CCN(CC(O)c2c[nH]c3ccc(OC)cc23)CC1,0
460,CC12CCC3c4ccc(O)cc4CCC3C1CC1OC(=O)CC12O,0
461,CC(C)(C)OC(=O)N1CCC(CCN2CCC3(CC2)C(=O)NCN3c2ccccc2)(c2ccccc2)CC1,0
462,C1=C(c2cccnc2)C2CCC(CC1)N2,0
463,CCCCn1c(=O)n(Cc2nnc(-c3ccccc3)o2)c(=O)c2c1ncn2C1CCCC1,0
464,Cc1cc(-c2ccc(Cl)cc2)c(C#N)c(=S)n1C1OC(CO)C(O)C(O)C1O,0
465,CCCCCCCCCC(=O)OC(CC=C(C)C)C1=CC(=O)c2c(O)ccc(O)c2C1=O,0
466,NN=CCc1ccc(Cl)cc1,0
467,O=C(NCCCOc1ccc(Cl)cc1)c1ccc(NC(=O)N2Cc3ccccc3C2)cc1,0
468,Cc1ccc(CN(C)C(=O)NC2CCOC3(CCS(=O)(=O)C3)C2)s1,0
469,OC1(C(F)(F)F)CCN(Cc2cccnc2)C1,0
470,CCC(C)C1NCCOc2ccccc2CCCNC(=O)C(Cc2ccccc2)NC(=O)C(CC(C)C)N(C)C1=O,0
471,O=C1C2Cc3c([nH]c4ccccc34)C(c3ccc(O)nc3)N2C(=O)CN1C1CCN(Cc2ccccc2)C1,0
472,C=C1C(=O)OC2CC3C4(C)CCC(C(C)CCC=C(C)C=O)C4(C)CCC34CC4(CCC(=O)O)C12,0
473,Cc1nc2n(n1)CC(NCC(=O)N(C)Cc1cccs1)CC2,0
474,CCOC(=O)N1CCN(C(=O)C2CCCN(S(=O)(=O)c3cccnc3)C2)CC1,0
475,O=c1c2sccc2n2c(=O)n(Cc3ccccc3F)nc2n1CCc1ccccc1,0
476,CCOC(=O)C1=C(C)NC(=O)NC1c1coc2cc(C)cc(C)c2c1=O,0
477,OC(CN(Cc1cccc(OC(F)(F)C(F)F)c1)c1cccc(Oc2ccccc2)c1)C(F)(F)F,0
478,O=C(NCCC1=CCCCC1)c1ccc(Cl)c(S(=O)(=O)N2CCCCC2)c1,0
479,CCOC(=O)c1ccc(OCC2c3cc(OC)c(OC)cc3CCN2C(=O)c2ccc(S(=O)(=O)N3CCCC3)cc2)cc1,0
480,CC1CN(C)CCN1c1cc(NC(=O)Cn2cc(-c3cc(C(N)=O)c(O)c(F)c3F)c3c(=O)n4c(nc32)CCCCC4)c(Cl)c(F)n1,0
481,COc1ccc(Nc2cc(C)nc3nc(SCc4nc5ccccc5[nH]4)nn23)cc1,0
482,NC(=S)NN=C1CCCc2ccc(Br)cc21,0
483,CN(CC=Cc1ccccc1F)Cc1coc2ccccc12,0
484,C=C1C(=O)OC2C1CCC(C=NNC(=S)NC(C)(C)C)=CCCC1(C)OC21,0
485,C=C1C2=CC(=O)OC(C)(C)C2=CCC2(C)C1CC1(C)C(=O)OC3OC(C)C(=O)C2(C(=O)OC)C31,0
486,CCCCCCOc1cc(Cl)c(C(=O)CCN(C)C)cc1Cl,0
487,Cc1ccc2[nH]c(=O)c(CN(Cc3ccc4c(c3)OCO4)C(=O)c3ccccc3)cc2c1,0
488,O=C(c1ccc(Cl)cc1)N1CCCC(C(=O)N(Cc2nnc(-c3ccccc3Cl)o2)C2CC2)C1,0
489,CC(C)(Oc1ccc(Cl)cc1)C(=O)NC1C2CC3CC1CC(C(=O)NCc1ccncc1)(C3)C2,0
490,Cc1ccc(CO)cc1Nc1ncc2ccn(-c3ccccn3)c2n1,0
491,CC(C)c1ccc(N2C(=O)CC(=O)NC2=O)cc1,0
492,COc1ccc(N=C(S)NCc2ccco2)c(OC)c1,0
493,COc1ccc(-c2cc(=O)c3c(OS(=O)(=O)O)cc(OC)cc3o2)cc1,0
494,Nc1nc(-c2ccc(O)cc2)c(-c2ccc(O)cc2)s1,0
495,COc1ccc(C2CC2c2cc(OC)c(OC)c(OC)c2)cc1O,0
496,N#Cc1cc(-c2ccc(N)nc2)cnc1Cl,0
497,Cc1cccc2oc3c(c(=O)c12)CC(O)C(C)(C)O3,0
498,CC1(C)Oc2ccc(C(N)=O)cc2C(N2CCCCC2)C1O,0
499,Cc1c(F)c(N)cc(C(=O)Nc2cc(-c3ccc(NC(=O)C4CCNCC4)cc3)ccc2N2CCN(C)CC2)c1Cl,0
500,O=C(Nc1ccccc1Cl)c1ccc(N2CCC2)cc1,1
501,CCN1CCC(NC(=O)c2cc(Cl)ccc2C)CC1,1
502,CC(C)N1CCC(NC(=O)c2ccc(Cl)cc2)CC1,1
503,CCN1CCC(NC(=O)c2ccc(Cl)cc2O)CC1,1
504,CC(C)N1CCC(NC(=O)c2ccccc2Cl)CC1,1
505,CC(C)N1CCC(NC(=O)c2ccc(Cl)cc2O)CC1,1
506,CC(C)N1CCC(NC(=O)Cc2ccc(Cl)cc2)CC1,1
507,Cc1cc(Cl)ccc1C(=O)NC1CCN(C(C)C)C1,1
508,CCCN1CCC(NC(=O)c2cc(Cl)ccc2C)C1,1
509,Cc1ccc(C(=O)NC2CCN(C(C)C)CC2)cc1,1
510,Cc1ccc(NC(=O)Cc2ccc(CN3CCC3)cc2)c(Cl)c1,1
511,Cc1cc(Cl)ccc1CNC1CCN(C(C)C)CC1,1
512,CCCN1CCCN(C(=O)c2ccc(Cl)cc2C)CC1,1
513,CCCN1CCC(NC(=O)Cc2ccc(C)cc2)CC1,1
514,CC(C)N1CCC(NCc2cccc(Cl)c2)CC1,1
515,CCN1CCC(NC(=O)c2cc(O)ccc2C)CC1,1
516,Cc1cc(Cl)ccc1C(=O)NCC1CCCN(C(C)C)C1,1
517,Cc1cc(Cl)ccc1C(=O)NC1CCN(C)C(C)(C)C1,1
518,Cc1ccc(NC(=O)c2ccc3c(c2)CCC3)c(Cl)c1,1
519,CCCN1CCC(NCc2ccc(O)cc2Cl)CC1,1
520,Cc1cc(Cl)ccc1C(=O)NC1CCC(C)CC1,1
521,CCN1CCC(C)(NC(=O)c2ccc(Cl)cc2C)C1,1
522,CCCNc1ccc(C(=O)Nc2ccc(C)cc2)cc1,1
523,Cc1cc(Cl)ccc1C(=O)NC1CCN(C(C)C)CO1,1
524,CCCN1CCCN(C(=O)c2cc(Cl)ccc2C)C1,1
525,Cc1cc(Cl)ccc1C(=O)NC1CCC(C)(C)CC1,1
526,Cc1cc(Cl)ccc1C(=O)NC1CCN(C(C)C)OC1,1
527,CCCNc1ccc(C(=O)Nc2ccc(C)cc2Cl)cc1,1
528,Cc1ccc(NC(=O)c2ccc(C3CCC3)cc2)c(Cl)c1,1
529,CCN1CCCC(CCNC(=O)c2cc(Cl)ccc2C)C1,1
530,Cc1cc(Cl)ccc1C(=O)NC1CCCCCN(C)C1C,1
531,CCCN1CCC(NC(C)c2cc(Cl)ccc2C)CC1,1
532,CCc1cc(Cl)ccc1C(=O)NC1(C)CCNCC1,1
533,Cc1cc(Cl)ccc1C(N)C1CCN(C(C)C)CC1,1
534,CCN1CCC(NC(C)c2cc(O)ccc2C)CC1,1
535,CCc1cc(Cl)ccc1C(=O)NC1CCCCNC1,1
536,Cc1cc(Cl)ccc1C(C)NC1CCN(C(C)C)C1,1
537,Cc1cc(Cl)ccc1C(=O)N1CCC(C(C)C)CC1,1
538,CCN1CC(NC(=O)c2ccc(Cl)cc2C)C1C,1
539,CCC1CC(NC(=O)c2cc(Cl)ccc2C)CCN1,1
540,CCCN1CCCNC(=O)c2c(C)ccc(Cl)c2CC1,1
541,Cc1cc(Cl)ccc1CN1CCN(C)CCCC1=O,1
542,CC(NC1CCN(C(C)C)C1)c1ccc(O)cc1Cl,1
543,CCCC1CCC1NC(=O)c1ccc(Cl)cc1C,1
544,CCCN1CCCC(c2ccc(Cl)cc2C)NC1,1
545,Cc1ccc(Cl)cc1C(=O)N1CCCN(C)CCC1,1
546,CCC(=O)NC(C)c1ccc(Cl)cc1C,1
547,Cc1cc(Cl)ccc1C(=O)NCC1CC1C,1
548,Cc1cc(Cl)ccc1C(=O)NC1CCCC(C)NCC1,1
549,Cc1cc(Cl)ccc1C(=O)NC1CCNCC1C(C)C,1
550,Cc1cc(Cl)ccc1C(=O)NC12CCCCN1CC2,1
551,Cc1cc(Cl)ccc1C(=O)NC1=CCCNCC1,1
552,Cc1cc(Cl)ccc1C(=O)NC1CCC1CNC(C)C,1
553,Cc1ccc(O)cc1C(C)NC1CCN(C)CC1,1
554,CCCC1CNCCC1NC(=O)c1cc(Cl)ccc1C,1
555,Cc1cc(Cl)ccc1C(=O)NC1CCCCCNCC1,1
556,Cc1ccc(Cl)cc1C(=O)NC1CNC1,1
557,CCCN1CC=CNC(=O)c2cc(Cl)ccc2CCC1,1
558,Cc1cc(Cl)ccc1C(O)CN1CCC1(C)C,1
559,Cc1cc(Cl)ccc1C(=O)NCC1CC(C)N1,1
560,Cc1ccc(Cl)cc1C(=O)NC1CCC(C)NC1,1
561,Cc1cc(Cl)ccc1C(=O)NC1CCNC1(C)C,1
562,Cc1ccc(Cl)cc1C(=O)NC1(C)CNC1,1
563,CCC1CCC(NC(=O)c2ccccc2Cl)CCN1,1
564,Cc1ccc(CC(=O)NC2=CCCNCC2)cc1,1
565,Cc1cc(Cl)ccc1C1(O)CCN(C(C)C)CO1,1
566,Cc1ccccc1CN1CCN(C)CCCC1=O,1
567,Cc1cc(Cl)ccc1C(=O)NC1CNC(C)C(C)C1,1
568,Cc1ccc(NC(=O)c2ccc3cc2CCN3)c(Cl)c1,1
569,Cc1cc(Cl)ccc1C(=O)N1CCCCCC1C,1
570,Cc1ccc(NC(=O)c2ccc3cc2CCCNC3)c(Cl)c1,1
571,CCCN1CCCN(C(C)c2ccc(Cl)cc2C)C1=O,1
572,CCCN1CCC(N)(c2ccc(Cl)cc2)C1C,1
573,CCCN1CCC(OC(C)c2ccc(Cl)cc2C)CC1,1
574,CCCN1CCC(NC(C)=C2NC=C(Cl)C=C2C)CC1,1
575,CN1CCCNC1Cc1ccc(Cl)cc1,1
576,CCCN1CCC(NC2CC(C)=CC=C(Cl)C2)CC1,1
577,NC(C1=CC=C2CCN2CC=C1)c1ccccc1Cl,1
578,CCCN1CCCNC(=O)CCC(CC)CCC1,1
579,CCCN1CCC(NC(C)=O)CC1,1
580,Cc1cc(Cl)ccc1C1NCCCN1C,1
581,CCN1CCC(NC2CC=C(Cl)C=C2C)CC1,1
582,CCCN1CCCC(c2ccccc2C)C1=O,1
583,CCN1CCC(C)C(c2ccc(Cl)cc2C)CC1,1
584,CCN1CCC(NC2C=C(C)C=C(Cl)C=C2C)CC1,1
585,CC1=CC(Cl)=CNC1=C(C)C1CCN(CCN)CC1,1
586,CCC1=CC(Cl)=CC=CC1NC1CCN(CC)CC1,1
587,CC(=O)NC1CCN(C(C)C)CC1,1
588,CN1CCCC=CNC(=O)c2cc(Cl)ccc2CCC1,1
589,CCCN1CCCNC(=O)CCC(C)CCC1,1
590,CNc1ccc(Cl)cc1C,1
591,Cc1cc(Cl)cc2c1C2C1CCN(C(C)C)CC1,1
592,Cc1cc(Cl)ccc1CN,1
593,CCN1CCC(NC2(C)CCC(Cl)=C(O)C2)CC1,1
594,CC1=C(NC2CCN(C(C)C)CC2)CC(O)=CC1C,1
595,CC1=CC(Cl)=CCN1C1CCN(C(C)C)CC1,1
596,CCCN1CCC(NC(C)C=C2C=CC(Cl)=CN2)CC1,1
597,CN1CCCN(C(=O)c2c[nH]cc2Cl)CNC1,1
598,CC1=CC=CCN1c1ccc(C)cc1Cl,1
599,Cc1cc(O)ccc1Cl,1
600,CC1=CC=CCN1C1CCN(C(C)C)CC1,1
601,CCCN1CCC2NC(=O)CC=C(Cl)C=C(C)C2C1,1
602,CCCN1CCC(NC2(C)C(C)=CC(Cl)=CC2O)C1,1
603,CCCN1CCCC(C2C(C)=COC=C2C)C1=O,1
604,CCCN1CCOC=CC=C(Cl)C=CC(C)NC1,1
605,CCCN1CCCC2=CC(Cl)=CCC2CC1,1
606,CN1CCCc2ccc(c(Cl)c2)NC(=O)c2ccc(cc2)C1,1
607,CC1=CC(Cl)=CCC1NC1CCCCNC1,1
608,CNCn1cc(Cl)cc1C,1
609,CCCCC1CCC(NC2CC=C(Cl)C=C(C)C2)CN1,1
610,CC1(NC2CCCCNCC2)CC=CC=C1Cl,1
611,CC1=CC=CNC(=O)c2ccc(cc2)CN(C)CCC=C1,1
612,CCCC1CC(=O)N(C2CCCN2)C1,1
613,CCCCC1(N)CCC(NC2CC=C(Cl)C=C(C)C2)C1,1
614,CCC1CCC(NC2C=C(C)C=C(Cl)C=C2C)C1,1
615,Cc1cc(Cl)c2cc1CCCNCc1ccc(cc1)C(=O)N2,1
616,CCN1CCCNCCCC1=O,1
617,CC1=CC(Cl)=CCC(=O)NCCCN2CCCC2C1,1
618,CCCN1CCNC2CC=C(Cl)C=C(CC1)C2,1
619,CCN1CC(NC2(C)CC(Cl)=CC2C)C1C,1
620,CC1=CC(Cl)=CCC(NC2CC=NCC2)C1,1
621,CNCCN1C(C)=CC(Cl)=CC1O,1
622,Cc1cc(Cl)c2cc1C(=O)NC2C,1
623,CC1C=C(Cl)CC1(C)C1CCCNCC1,1
624,CC1=CC(Cl)=CC=CC2CCN(C(C)C)CC12,1
625,CC1=CC=C(Cl)C=C2CCCCNCCC2NC(=O)C1,1
626,CCCN1CCN=CC=CC=C(C)C1,1
627,CC1=CC(Cl)=CC=C2CCCN(C(C)C)C12,1
628,CCN1CCC2CC1=C(Cl)CCCN2,1
629,CC1=CC(Cl)=CC=C2CCCNCCCC12,1
630,CC1CC2=NC(=O)c3ccc(cc3)N2C1,1
631,FC=CCN1CCC1,1
632,Cc1cccn1C,1
633,CC1=CC2CNCCC2(C)CC(Cl)=C1,1
634,CC1CN2CCC(CC2)NC(=O)CC=C(Cl)C1C,1
635,Cc1ccc[nH]1,1
636,O=C1CC2CCNCCCC2N1,1
637,CC1(C)CCO1,1
638,CC1CCCNC1=O,1
639,CCC1=NCCCC1,1
640,CC1COC1,1
641,CCCN1CC2=C(C)N(C1)C(C)C2,1
642,C1CC2CCC2CN1,1
643,FC=CCC1CCN1,1
644,CC1CC(Cl)=CC2=CNCCC21,1
645,CC1=CC=C(Cl)CC1,1
646,CC12C=C(Cl)CC1(C)CCNC2,1
647,O=C1CC2CCNCCCCN1C2,1
648,Cc1cc(Cl)ccc1C(=O)NN1CCN(C(C)C)CC1,1
649,C=CN1CCC(NC(=O)c2ccc(Cl)cc2C)CC1,1
650,CCNCN1CCC(NC(=O)c2ccc(Cl)cc2C)CC1,1
651,CC1=CC=C(Cl)C=C2CCCN(CN2)O1,1
652,Cc1ccc(NC(=O)c2ccc(N3CC3)c(C)c2)c(Cl)c1,1
653,CC1NC2CCCCN1CC2,1
654,Cc1ccc(Cl)cc1C(=O)C1CCN(CCN)CC1,1
655,CC12CNCCC1C2,1
656,CC1C=CC=CC=C1Cl,1
657,Cc1cc(Cl)ccc1C(=O)NN1CCCCCC1C,1
658,Cc1cc(Cl)ccc1C(=O)NN1CCCCCCC1C,1
659,Cc1ccc(NC(=O)c2ccc(N(C)CC#N)cc2)c(Cl)c1,1
660,Cc1cc(Cl)ccc1C(=O)NN1CCN(C)C1C(C)C,1
661,C=CNc1ccc(C(=O)Nc2ccc(C)cc2Cl)cc1,1
662,Cc1ccc(Nc2ccc(CN3CCC3=O)cc2)cc1,1
663,CC(F)=CN,1
664,Cc1ccc(NC(=O)c2ccc(N)cc2)c(Cl)c1,1
665,CCCN(CC)CCNC(=O)c1cc(Cl)ccc1C,1
666,CCCN1CCC(CNCc2cc(Cl)ccc2O)CC1,1
667,Cc1cc(Cl)ccc1ONC1CCN(C(C)C)CC1,1
668,O=C1NC2CCNCCC1CC2,1
669,CC(C)N1CCC(NC(=O)c2ccccc2CCl)CC1,1
670,Cc1cc(Cl)ccc1C(=O)C1CCN(C(C)C)CC1,1
671,CCCN1CCC(NCC(=O)c2ccc(Cl)cc2)CC1,1
672,Cc1cc(Cl)ccc1C(=O)NC1CCN(F)CC1,1
673,OC1=CN(Cc2ccc(CN3CCC3)cc2)CC(Cl)=C1,1
674,CCCN1CCC(NCc2ccc(OCl)cc2C)CC1,1
675,CCCN1CCC(NC(=O)c2cc(Cl)ccc2C)CN1,1
676,Cc1ccc(Cl)cc1C(=O)NCCF,1
677,CCCN(CC)CCNC(=O)c1ccc(Cl)cc1,1
678,CC1=CN=CCC1,1
679,CC1=CC=C(Cl)C2=CCNC13CNC3CCC2,1
680,Cc1ccc(N(O)c2ccc(CN3CCC3)cc2)c(Cl)c1,1
681,Cc1ccc(Cl)cc1C(=O)C1CCN(CCCN)C1,1
682,CC1CC2=NC3(O)N=CC=C(C3C)N2C1,1
683,Cc1cc(Cl)ccc1CCCC(=O)C1CCN(C)CC1,1
684,C=CN(CCNC(=O)c1ccc(Cl)cc1)C(C)C,1
685,CCCN1CCC(NC(C)c2cc(Cl)ccc2O)C1,1
686,CC(NC1CN(C)CCCCC1=O)c1ccc(Cl)cc1,1
687,Cc1cc(Cl)ccc1CNC1CCN(CCC=O)CC1,1
688,Cc1ccc(NN2Cc3ccc(C)cc3CCO2)c(Cl)c1,1
689,Cc1cc(I)ccc1C(=O)NC1CCN(C(C)C)CC1,1
690,CC1=CC=C(C(=O)Nc2ccc(C)cc2Cl)C=C2CCN2C1,1
691,CCCNCc1ccc(C(=O)Nc2ccc(C)cc2Cl)cc1,1
692,CCN1CCC(NCc2ccc(C=O)cc2C)CC1,1
693,CC1NC2CCNCCC1C2,1
694,CCc1ccc(C(N)c2ccc(CN3CC3)cc2)c(Cl)c1,1
695,Cc1ccc(NCc2ccc3cc2C(=O)CC3)c(Cl)c1,1
696,Cc1ccc(NN(O)Cc2ccc(N3CCC3)cc2)c(Cl)c1,1
697,CC1=COC=CC1,1
698,CCCCN1CCC(C(=O)c2ccc(Cl)cc2)CC1,1
699,CNCCCNC(=O)c1cc(Cl)ccc1C,1
700,Cc1ccc(C(=O)NC2CCN(Cl)CC2)c(O)c1,1
701,C=CN(C)CCCNC(=O)c1ccc(Cl)cc1C,1
702,Cc1cc(Cl)ccc1C(=O)C1CCN(C(C)C)C1,1
703,Cc1cc(Cl)ccc1C(=O)NCCCNCC(C)C,1
704,Cc1cc(Cl)ccc1C(=O)C1CN(C(C)C)CC1N,1
705,CC1C(O)C=C(Cl)CN1Cc1ccc(CN2CCC2)cc1,1
706,CCCN1CCC(C(=O)c2ccc(Cl)cc2C)C1N,1
707,CCN(CC(=O)c1ccc(Cl)cc1C)C(C)C,1
708,CON(Cc1ccc(C)cc1)Nc1ccc(C)cc1Cl,1
709,Cc1cc(Cl)ccc1N(O)C1CCN(C(C)C)C1,1
710,CC12CNCC1(C)C2,1
711,C=C1NCC(NC(=O)c2ccc(Cl)cc2C)CC1C,1
712,O=CC(Nc1ccccc1Cl)c1ccc(CN2CCC2)cc1,1
713,CCc1cc(Cl)ccc1N(O)C1CCN(C(C)C)C1,1
714,Cc1cc(Cl)ccc1CNC1CCN(CNC=O)CC1,1
715,CCCC1CCN(Cc2ccc(OCl)cc2C)CC1,1
716,Cc1ccc(NC(=O)C2=CC=CCN3CCC3C=C2)c(Cl)c1,1
717,CC=C(NC(=O)c1ccc(CN2CCC2)cc1)C(C)Cl,1
718,CNN(C)CC(C)NC(=O)c1ccc(Cl)cc1C,1
719,CC=C(C)C=C(Cl)CNC(=O)c1ccc(CN2CCC2)cc1,1
720,CC1=CN=CC1,1
721,C=CCNc1ccc(CNc2ccc(C)cc2)cc1,1
722,Cc1ccccc1C(=O)N1CCN(C(C)CCl)CC1,1
723,CC(NC1CCNCCCCC1=O)c1ccc(Cl)cc1,1
724,C=CN(CCCNC(=O)c1ccc(Cl)cc1)C(C)C,1
725,CCCN1CCC(NCC2=CC=C(Cl)C=C(C)O2)CC1,1
726,CCCN(C)CCNC(C)c1ccc(O)cc1Cl,1
727,CCC1CNCCC1NCC(=O)c1ccc(Cl)cc1C,1
728,CCCN1CCC(NC(=O)C2=CC=C(Cl)OC2C)CC1,1
729,O=C(c1ccc(CN2CCC2)cc1)N1C=CCC=C1Cl,1
730,O=C(NC1OCC=CC1=CCCl)c1ccc(N2CCC2)cc1,1
731,C=CC=CC=CNC(=O)c1ccc(CN2CCC2)cc1,1
732,Cc1cc(Cl)ccc1C(=O)NCCCN1NCCC1C,1
733,Cc1ccc(NC(=O)C#CC=CN2CCC2)c(Cl)c1,1
734,CCCN1CCC2(c3ccc(C)cc3O)CC12,1
735,CC(C)N1CCC(NC(=O)CCCCl)CC1,1
736,CCN(CC)CN(C)C(=O)c1ccc(C)cc1Cl,1
737,C#CC=C(Cl)CNCc1ccc(CN2CCC2)cc1,1
738,CCCN(CCN(O)c1ccc(Cl)cc1C)C(C)C,1
739,CCCN1CCC(NC(=O)CCF)CC1,1
740,CCc1cc(Cl)ccc1N(O)C1CCN1C(C)C,1
741,CCCCN(C)CCNC(C)c1ccc(O)cc1Cl,1
742,CC(C)N1CCC(C(=O)c2ccc(N)cc2Cl)CC1,1
743,O=C(NC1CCN2CC12)c1ccc(Cl)cc1,1
744,Cc1ccc(NC(C)C2=CC=CC(N3CCC3)C2)c(O)c1,1
745,CC(c1ccc(Cl)cc1)C1CCN(CCC=O)CC1,1
746,Cc1cc(Cl)ccc1C(=O)NCCCN1CC1,1
747,Cc1ccc(NCC=O)c(Cl)c1,1
748,O=NC(=O)c1ccc(CN2CCC2)cc1,1
749,ClCC1CC=CNC(c2ccc(N3CCC3)cc2)=N1,1
750,CC(=CC=C1C2=C3CCN3C12)C(=O)Nc1ccc(C)cc1Cl,1
751,Cc1cc(Cl)ccc1C(=O)C1CCN(CCCCN)CC1,1
752,Cc1ccc(Cl)cc1N1CCCN(CC=O)C1C,1
753,CCN(Cl)CC=CNC(=O)c1ccc(C)cc1O,1
754,C=NCCN(CCC)CCNC(=O)c1ccc(Cl)cc1C,1
755,CCCN1CCC(NC(=N)c2ccc(Cl)cc2C)CC1,1
756,CCCN1CCC(C=O)C(c2ccc(Cl)cc2C)C1,1
757,CCCCN(CC)CCN(O)c1ccc(Cl)cc1C,1
758,Cc1ccc(Cl)cc1CNC1CNC1=O,1
759,Cc1cc(Cl)ccc1C(=O)NCCI,1
760,CCCCCN(C)CCNCc1ccc(Cl)cc1,1
761,CC=CC=C(Cl)CC(=O)NC1CCN(C(C)C)CC1,1
762,CCC(NC=O)c1ccc(Cl)cc1C,1
763,CNCN=NCN1CCC(NCc2ccc(Cl)cc2C)CC1,1
764,CCCN1CCC(NC(=O)CC(C)=CC=C(C)Cl)CC1,1
765,CCCN1CCC(NC2C=CC=C(O)C=C2Cl)CC1,1
766,Cc1cc(Cl)ccc1ONCC(C)CC(C)C,1
767,C=C(C)C=CCC(=O)NC1CCN(CC)CC1,1
768,CCC(C)C=C(C)C(=O)NC1CCN(C(C)C)CC1,1
769,C=CN(CCC(=O)c1ccc(Cl)cc1)C(C)C,1
770,CCCN1CCCNC2=C(C=C(Cl)C=CC2)OCC1,1
771,CCCN1CCC(NC(=O)CC(C)CCl)CC1,1
772,Cc1cc(Cl)ccc1N1CN(C(C)C)CC1C=O,1
773,CCC(CNOc1ccc(Cl)cc1C)C(C)C,1
774,C=CNCC1=CC=CC(Nc2ccc(OC)cc2Cl)C=C1,1
775,CCCCN1CCC(NC(=O)CC=CC(C)C)CC1,1
776,O=C(NC1CN2CC12)c1ccc(Cl)cc1,1
777,C=CC(Cl)=CCC(=O)NC1CCN(CCC)CC1,1
778,O=COCc1ccc(N2CCC2)cc1,1
779,CC=CC=CCNc1ccc(C)cc1C,1
780,CC(CC(=O)C1CCN(C(C)C)CC1)C(Cl)=CCN,1
781,Cc1cc(Cl)ccc1C(=O)NF,1
782,CCN=CCC1(c2ccc(C)cc2O)CC1,1
783,CCC(NO)c1ccc(Cl)cc1C,1
784,CCCN1CCNC2=C(C=C(Cl)C=CC2)OCC1,1
785,CCC1CNCCC1NCC(=O)c1ccccc1C,1
786,C#CC=C(Cl)CCc1ccc(CN2CCC2)cc1,1
787,CCCCCC1CC(NCc2ccc(Cl)cc2C)C1=O,1
788,CCCN1CCC(NC(=O)CCC(C)CC)C1,1
789,CCCCCN1CC(CNC(=O)C2=CC=C(Cl)CC2)C1,1
790,CCN(CC)CCN(C=O)c1ccc(Cl)cc1,1
791,Cc1cc(Cl)ccc1C1(N=O)CCN(C(C)C)CO1,1
792,CC=C(Cl)C(c1ccc(NCC#N)cc1)N(C)CC,1
793,CC=CC=CCNc1ccc(C)cc1,1
794,O=C(NC1CCN(CCCCl)CC1)C1C=CC=CC1,1
795,Cc1cc(Cl)ccc1C(=O)Cl,1
796,CC(C)CCC(Cl)CC(=O)NC1CCN(C)CC1,1
797,O=C(NCCl)c1ccc(N2CCC2)cc1,1
798,O=C1CC=CC(CCl)=CCc2cc(N3CCC3)ccc21,1
799,CCC=CC=C(Cl)CC(=O)NC1CCN(CCC)CC1,1
800,C=Cc1ccc(C(N)C(C)C=CCN2CCC2)c(Cl)c1,1
801,CC(C)N1CCC(NCCCF)CC1,1
802,CC=CC(=O)CNC1CCN(CCC)CC1,1
803,CCCN(C)CCC(=O)NC1C=C(Cl)C=C(C)C1,1
804,Cc1cc(Cl)ccc1CNF,1
805,CC1C2C3(C)C(=O)NCC123,1
806,C=CCNCc1ccc(C(=O)Nc2ccc(C)cc2Cl)cc1,1
807,CCCN=C1NCCC(C=O)NC1c1ccc(Cl)cc1,1
808,CCC1NCC1NCc1cc(Cl)ccc1O,1
809,CCCN1CCC(C(=O)CC(C)C(Cl)=CCN)CC1,1
810,CCCN1CCC(NC(=N)c2ccc(Cl)cc2C)C1,1
811,CC=C(Cl)CN=C(C)CC(=O)NC1CCN(CCC)CC1,1
812,Cc1ccccc1CCCN(C)CCCCl,1
813,CCCC1CCN(CC2=CC=C(OCl)CC2)CC1,1
814,O=Cc1ccc(N2CCC2)cc1,1
815,CC=CC=C(Cl)C(OC)c1ccc(N2CCC2)cc1,1
816,CC1C(C(=O)C2CCN(C(C)C)CC2)=CCN=C1Cl,1
817,CC1=CC=CNCC=CC=C(CN2CCC2)C=CC(Cl)=C1,1
818,Cc1ccc(Cl)cc1C(=O)NCCCN(C)N(C)C,1
819,CN=CCCNC(=O)c1ccc(Cl)cc1C,1
820,CC1=CC=C(Cl)CCNC(C)CCN(CCC=O)CC1,1
821,CC=C(C=CC(=O)Nc1ccc(C)cc1Cl)CN1CCC1,1
822,CCC=CC#CC(N)c1ccc(O)cc1Cl,1
823,O=CCCNC(=O)c1ccc(Cl)cc1,1
824,CCCN1CCC(NC(C)CCCl)CC1,1
825,CC=CC=C(Cl)C(Cc1ccc(N2CCC2)cc1)OC,1
826,O=C(NC=CCCCCl)c1ccc(N2CCC2)cc1,1
827,CCC(C)CCC(=O)NC1CCCNC1,1
828,CC=CC=C(Cl)CC(=O)CN1CCCN(C)CCC1,1
829,Cc1ccc(NC(=O)C=CCCl)c(Cl)c1,1
830,CC1CCNCCC1NC(=O)CC=C(F)Cl,1
831,C=CCC1=CC=CC(Nc2ccc(C)cc2)C1N,1
832,CCCCN(CC)CCN(C=O)c1ccc(Cl)cc1,1
833,CC(Cl)=C(C)NC1CCN(CCO)C1,1
834,CCCN(C)CCCOC(C)c1ccc(Cl)cc1C,1
835,O=CCNc1ccccc1I,1
836,CCCN(CC)CCCNC(=O)C1=CC=C(Cl)C=CC1,1
837,CCC=C(Cl)C=C(C)C(C)NC1CCN(C)CC1,1
838,C=C(Cl)C=C(C)C(C)NC1CCN(CCC)CC1,1
839,CCCN1CCC(NC(C)C2=C(C)C(Cl)C=C(C)O2)CC1,1
840,CC=CC=C(Cl)CC(=O)CNC1CCN(CCC)CC1,1
841,CC(N)N1CCC(C2CC=C(Cl)C=C2C=O)CC1,1
842,C=CC1=CC=CC(NOc2ccc(C)cc2)C1N,1
843,Cc1ccc(NC(=O)C=CCCNC2CC2)c(Cl)c1,1
844,Cc1ccc(NC(Cl)c2ccc(CN3CCC3)cc2)cc1,1
845,Cc1ccccc1C(=O)NCCCCl,1
846,CCCCN1CCC(NC(=O)CC=CC(C)N)CC1,1
847,C=CC=CC(=O)Nc1ccc(C)cc1Cl,1
848,C=CN(CCC)CCCNC(C)c1ccc(Cl)cc1C,1
849,CCCN1CCC(N2C(=O)CC(C)=CC2C)CC1,1
850,Cc1ccc(Cl)cc1C(=O)NCCCN=N,1
851,C#CC=C(Cl)CCc1ccc(CC2CC2)cc1,1
852,CC(Cl)=CC=C1CCN(C)CCCC=CNC(=O)C1,1
853,CC=C(Cl)C=C(C)C1CNC(C)C(=O)CN(CCC)C1,1
854,CCCN1CCOC(CC)=CC=C(Cl)C=CNN1,1
855,Cc1ccc(Cl)cc1C(=O)CCCNCCCN,1
856,CCCN1CCC(N2CCC(Cl)=CC2C=O)CC1,1
857,CCCN1CCC(NC(C)F)CC1,1
858,CCCN1CCC(NC2=NCC(C)C=C(C)C2)C1,1
859,CCCCCCCNC(=O)C1=CC=C(Cl)OC1C,1
860,CCN1CCC(NC2(C)C=CC(O)=CC2CCl)CC1,1
861,O=C1C=CC(CN2CCC2)=CC=CCC(C=CCl)=CC=N1,1
862,C=C(Cl)C1=CC(C)C2CCN2c2ccc(cc2)C(=O)N1,1
863,CC#CC(Cl)=CCC(=O)NC1(C)CCN(CC)C1,1
864,Cc1ccc2c(Cl)c1C(CNC1CC1)C=CCC(=O)N2,1
865,CCC1CCC(NC(=O)CCl)CCN1,1
866,CCNCCN(CC)CNC(=O)c1ccc(Cl)cc1C,1
867,CCC=CCC(Cl)=C1CCN(CC)CCO1,1
868,CCC(C)C=C(C)CC(=O)NC1CCCC(C)C1,1
869,C=CC1CCN1CC=CC(=O)Nc1ccc(C)cc1Cl,1
870,CC1CCCN(C2CCN(C(C)C)CC2)C1C=O,1
871,O=CCN1CCC(NC=CCl)CC1,1
872,CC(=CC=CC(=O)Nc1ccc(C)cc1Cl)N1CCC1C,1
873,Cc1ccc(Cl)c2c1C1(NC=O)CNC1C(C)C2,1
874,Cc1ccccc1C(=O)N1CCN(C(C)Cl)CC1,1
875,C=CN1CCC(NC2(C)CC=C(Cl)C=C2C)C1,1
876,CCC(C)C=C(C)CC(=O)NC1CCC(C)C1,1
877,O=C1CC=C(CCl)N1C1CCN(CCO)C1,1
878,CCN(CN)CCC(C)C(=O)c1ccc(Cl)cc1C,1
879,O=C(c1ccc(N2CCC2)cc1)N1CC=CCC1CCl,1
880,C=C(C1=CC=CCN2CCC12)N1CC=C(C)C=C1OC,1
881,CCN1CCCNC(C)C(=O)CCC1,1
882,O=C(NCCCCCCl)c1ccccc1,1
883,CCCN1CCC(NC(=O)C=CC=C(C)CC)CC1,1
884,CCC(CCl)CNC(=O)C1=CC=CCN2CCC2C=C1,1
885,CC=C(CCl)CC(=O)NC1CCN(C(C)C)CC1,1
886,O=C(C#CC=CN1CCC1)Nc1ccc(O)cc1Cl,1
887,CC1=CCC2=C(CC1)CCN(C(C)C)CCO2,1
888,CCCN(C)CCCN=NC(=O)c1ccc(Cl)cc1C,1
889,CC=CC(Cl)=CC=CC(=O)NC1CCN(C(C)C)CC1,1
890,CC1=CC=CN(C(=O)c2ccc(N3CCC3)cc2)C1Cl,1
891,CCN1CCCNC(C)C(=O)C(C)CC1,1
892,CCN1CCN=CC1NC(=O)C1=C(Cl)CC=CC1C,1
893,C=CNCCCNC(=O)C1C=CC=C(Cl)C=C1C,1
894,Cc1cc(Cl)ccc1C(=O)N=NCCCF,1
895,CCCCCN1CC(CNCc2ccc(Cl)cc2C)C1=O,1
896,CNC1CCN(CC=O)CC1,1
897,CCCN1CCC(NCCCCCl)CC1,1
898,CCCN1CCC(NC(=O)CC(C)=CC=O)CC1,1
899,CCC(=O)CCCCCCN(C)C,1
900,C=CN(CCC)CCCC(=O)c1ccc(N)cc1Cl,1
901,Cc1ccccc1C(=O)C(Cl)CCNC(C)C,1
902,COC1=C(C)C=CC(C)N1C1(C)CCNC1,1
903,CC=CC1=C(CC)NCC(CC)NC(=O)C=C1,1
904,Cc1cc(Cl)c2cc1C1CCNCC=CC=CC(=O)N21,1
905,CCC1CC=C(N2CCC2)C=C(CCF)C1,1
906,COC1=C(C)C=CC(C)N1C1CCNC1,1
907,CC(C)N1CCCNCCC=CC=CC(CCl)O1,1
908,CCN1CCC(NC(=O)CC(C)=CC=CCCl)CC1,1
909,CCC(CCl)CNC(=O)C1=CC=CC2NCC2C=C1,1
910,ClCC1CC=CNC(c2ccc(N3CC3)cc2)=N1,1
911,CC(=CC=CCCl)CC(=O)NC1CCN(C(C)C)CC1,1
912,CC=CC=C(Cl)C1(C)C=CC=C(N2CCC2)C1=O,1
913,CC1=CC(Cl)c2cc(CN3CCC3)ccc2C(=O)NCC1,1
914,O=CC1=CCN(Cc2ccc(N3CCC3)cc2)CC1Cl,1
915,CCCN1CCCN(C(Cl)c2ccccc2C)C1=O,1
916,CC(Cl)C(N)CCCN(C)C(C)C,1
917,CCC(CCl)CNC(=O)C1=CC=C(Cl)C2NCC2C=C1,1
918,O=COCc1ccc(N2CC2)cc1,1
919,C=C1CNC1(C=CC(=O)Nc1ccc(C)cc1Cl)CC,1
920,CC=C(C)C(Cl)C(=O)NC1CCN(CCC)CC1,1
921,CCCNC(=CC=CC(=O)Nc1ccccc1Cl)CC,1
922,C=C(C(C)C=CC=CCl)N1CCN(CCC)CC1=O,1
923,CCN(C)CCCN(C)CCCl,1
924,CCCN1CCC(NC(=O)CC#CC(C)Cl)CC1,1
925,C=CC(Cl)=CCC(C)NC1CCN(C)C1,1
926,CNCNCN1CCC(NCc2ccc(Cl)cc2C)CC1,1
927,O=C1C=CC=C(N2CCC2)CC2=CC=C(N1)C(Cl)=CC2,1
928,C=CC(Cl)C(=O)CNc1ccc(C)cc1,1
929,CC1=CCC2OCCN(C(C)C)CCCN2CC1,1
930,CCCCCCC=CCC(=O)NC1CCN(C)CC1,1
931,CC1=CC(Cl)=CC=CC2CCCCNCCC2C1=O,1
932,CN=CCCNCc1ccccc1C,1
933,CC=CC(Cl)CC(=O)NC1CCN(C(C)C)CC1,1
934,CC(Cl)CNC(=O)CC=CCl,1
935,CCCN1CCC(NC(=O)CC(C)=CC=CCCl)CC1,1
936,CCC=CCC(Cl)=C(O)N1CCN(CC)CC1,1
937,CCCCC(C)C1=C(CCl)NCC1,1
938,C#CC=CC(=O)NC1CCN(C(C)C)CC1,1
939,Cc1cc(Cl)ccc1C(N)NCCCF,1
940,ClC1=CC=CCC(CNCCCC2CC=NC2)=C1,1
941,CCC(Cl)=C(C)CNCCCNC,1
942,CCCCC(C)C1=C(Cl)NCC1,1
943,CC(C)C1CC(Cl)C(C)N1C1CCN(C)CC1,1
944,CC1CC1NCCCNC(=O)CC=C(F)Cl,1
945,Cc1cc(Cl)ccc1CNCCI,1
946,ClCC1CC=CNC(c2ccccc2N2CC2)=N1,1
947,CCCN1CC=C(C=O)C=CCC1,1
948,C=C(C1=CC=CCC2CC12)N1CC=C(C)C=C1OC,1
949,CCC1CCC1NC=Nc1ccc(Cl)cc1C,1
950,CCN1CCCNC(C)C(=O)C(Cl)CC1,1
951,CCCN1CCC2NCC(C)=C2C1,1
952,CCCCC1NC1(C=O)c1ccc(Cl)cc1C,1
953,C=C1C(Cl)=CC=CC1CCCNC,1
954,CCC1NCCC(C(=O)CC(C)=CC=C(C)Cl)C1N,1
955,CCCCCCCF,1
956,CC(C)N1CCC(NC(=O)C=C2C=CNC=C2CCl)CC1,1
957,CC1CCC2=CC=C(C(Cl)C=C3C=CCC(N)=C3)CN21,1
958,C=NCc1ccc(C(=O)NC=CC=C(C)C=CC)cc1,1
959,CCCN1CCC1CCCNCCC1=CC(Cl)=CC=CC1,1
960,CCCN(CCl)CCCc1ccccc1C,1
961,ClCC1CC=CCN1CCc1ccc(CN2CCC2)cc1,1
962,CCN(CCCNC(=O)CCl)C(C)C,1
963,C=CC(Cl)=CCOC(=O)CNC1CCN(CCC)CC1,1
964,CCCC=CCC1(C)NC=CC=C1Cl,1
965,CCN(C)CCCC#N,1
966,C=CCN1CCC(NC(=O)C2(Cl)CC2C)CC1,1
967,CCCN1CCC2CC1C(C)=C(C)CC(=O)N2,1
968,NC1=CC=CC(=O)Nc2ccc(cc2Cl)C1,1
969,CCCN1CCC(CC#N)C(CC=O)C1,1
970,CC(C)N1CCC(NC(=O)CC=CCCl)C1,1
971,CC=C(C)C1=CCC(Cl)(CCN(C)CCC)CC1=O,1
972,CN1CCC(C2CCC=CC=CC=C2CCl)CC1,1
973,Cc1ccccc1C(Cl)N1CCC(C(C)C)CC1=O,1
974,CCC=CCC(Cl)=C(O)NC1CCN(CC)CC1,1
975,C=NCNCCC(C)NC(=O)c1ccc(Cl)cc1CC,1
976,CC(C)N1CCC(NC(=O)CC=CCCCl)C1,1
977,CN1CCOC2=C(CC=CC(Cl)=C2)N1,1
978,CCCN1CCC(NCC=CC=CCCl)CC1,1
979,CCNC=CC#CC(=O)Nc1ccc(O)cc1Cl,1
980,CCN1CCCCC=CCC(Cl)=C(C)C1,1
981,CC(Cl)CNCC(C)CCl,1
982,Cc1cc2cc(c1Cl)C(=CN1CCC1=O)C2,1
983,CCCC(C)=CC=C(O)NC1CCN(CCC)CC1,1
984,CC1C(Cl)=CCCC1C1CCN(C=O)CC1,1
985,CCC(CNC)CC1C=CC=C(Cl)C1C=O,1
986,CCC1CC(C)(C=O)NCCCN1C,1
987,CC1NCCC(NC(=O)CCl)C1C,1
988,Cc1ccc(NC2(Cl)C=CC=C3CCC(=O)NC32)cc1,1
989,CC=C(Cl)CN=C(N)CC(=O)NC1CCN(CCC)CC1,1
990,C=CC(CCNCc1ccccc1C)C(C)C,1
991,CC=C(Cl)C=C(C)C(=O)C1CCN(CCC)CC1,1
992,C=CCC12C(C)=CCN1CCCN2CCC,1
993,ClCCCCNC1CCNCC1,1
994,CCN(CN1C=CC=C(C)C1Cl)c1ccc(C)cc1,1
995,CCCN1CCCC(C#N)C1CC=O,1
996,CC1(C)CCC1=CC=CC(Cl)C=C1C=CCC(N)=C1,1
997,O=CCN1CCC(NCCC=CCl)CC1,1
998,C=C1CCC1C=CCCNc1ccc(C)cc1Cl,1
999,CC1=CCN(C(C)C2=CC=CC(C3CC3)C2)C(N=O)=C1,1
1000,CN1CCN(Nc2ccc(S(=O)(=O)NC(=O)c3ccc(N4CCN(CC5=C(c6ccc(Cl)cc6)CC(C)(C)CC5)CC4)cc3Oc3ccc4[nH]ccc4c3)cc2[N+](=O)[O-])CC1,2
1001,Cc1nn(CCCl)c(C)c1S(=O)(=O)NC(=O)c1ccc(N2CCN(Cc3ccccc3-c3ccc(Cl)cc3)CC2)cc1,2
1002,CC(C)(C)OC(=O)N[C@@H](Cc1ccc(OCc2ccc(Oc3ccccc3)cc2)cc1)C(=O)NS(=O)(=O)c1ccc(Cl)c([N+](=O)[O-])c1,2
1003,CC(C)C(C(=O)O)N1C(=O)/C(=C\c2ccc(Br)cc2)SC1=S,2
1004,CC(=O)N(CCSc1ccccc1)C1CCN(S(=O)(=O)NC(=O)c2ccc(N3CCN(Cc4ccccc4-c4ccc(Cl)cc4)CC3)cc2)CC1,2
1005,O=C1CCc2c(cccc2Oc2cc(N3CCN(Cc4ccccc4-c4ccc(Cl)cc4)CC3)ccc2C(=O)NS(=O)(=O)c2ccc(NCC3CCOCC3)c([N+](=O)[O-])c2)N1,2
1006,COC1(Cc2cccc(C)c2)CCN(c2ccc(C(=O)NS(=O)(=O)c3cc([N+](=O)[O-])c(N[C@H](CCN(C)C)CSc4ccccc4)s3)cc2)CC1,2
1007,Cc1nc(OCC2(F)CCOCC2)sc1S(=O)(=O)NC(=O)c1ccc(N2CCN(CC3=C(c4ccc(Cl)cc4)CC(C)(C)CC3)CC2)cc1Oc1cnc2[nH]ccc2c1,2
1008,CN1CCC(Nc2ccc(C(=O)NS(=O)(=O)c3ccc(N4CCN(Cc5ccccc5-c5ccc(Cl)cc5)CC4)cc3Oc3cc(Cl)cc(Cl)c3)cc2[N+](=O)[O-])CC1,2
1009,CCOc1ccc(-c2cc(C(=O)O)nn2-c2ccc(Oc3ccccc3)cc2)cc1,2
1010,O=C(O)c1[nH]c2cc(Cl)ccc2c1CCCOc1cccc2ccccc12,2
1011,CN1CCN(Nc2ccc(S(=O)(=O)NC(=O)c3ccc(N4CCN(CC5=C(c6ccc(Cl)cc6)CC(C)(C)OC5)CC4)cc3Oc3cc4cc[nH]c4cc3F)cc2[N+](=O)[O-])CC1,2
1012,CCCOc1ccc(C[C@H](NC(=O)c2cn(Cc3ccc(-c4ccccc4)cc3)c3ccccc23)C(=O)NS(=O)(=O)c2ccc(Cl)c([N+](=O)[O-])c2)cc1,2
1013,Cc1cc(OCCCn2c(C(N)=O)cc3ccc(OCc4ccccc4C(=O)O)cc32)cc(C)c1Cl,2
1014,O=C(Nc1nc2ccccc2s1)c1cccc2c1CN(c1nc(C(=O)O)c(CCOc3cccc(-n4ncc5cncnc54)c3)s1)CC2,2
1015,CN(C)CC[C@H](CSc1ccccc1)Nc1ccc(S(=O)(=O)Nc2ccc(N3CCN(Cc4ccccc4-c4ccc(Cl)cc4)CC3)cc2)cc1[N+](=O)[O-],2
1016,O=C(NS(=O)(=O)c1ccc(Cl)c([N+](=O)[O-])c1)[C@H](Cc1ccccc1)N1C(=O)/C(=C/c2ccc(-c3ccccc3)cc2)SC1=S,2
1017,CN(C)c1cccc(Oc2cc(N3CCN(Cc4ccccc4-c4ccc(Cl)cc4)CC3)ccc2C(=O)NS(=O)(=O)c2ccc(NCC3CCOCC3)c([N+](=O)[O-])c2)c1,2
1018,CC1(C)CCC(CN2CCN(c3ccc(C(=O)NS(=O)(=O)c4cnc(NCC5(F)CCOCC5)c(Cl)c4)c(Oc4cnc5[nH]ccc5c4)c3)CC2)=C(c2ccc(Cl)cc2)C1,2
1019,CC1(C)CCC(CN2CCN(c3ccc(C(=O)NS(=O)(=O)c4cnc(OCC5CCOCC5)c(S(C)(=O)=O)c4)c(Oc4cnc5[nH]ccc5c4)c3)CC2)=C(c2ccc(Cl)cc2)C1,2
1020,Cc1cc(OCCCn2c(C(=O)N(C)C)cc3ccc(OCc4ccccc4C(=O)O)cc32)cc(C)c1Cl,2
1021,O=C(NS(=O)(=O)c1ccc([N+](=O)[O-])cc1)[C@H](Cc1ccc(Br)cc1)N1C(=O)/C(=C/c2ccc(-c3ccc(Cl)cc3)cc2)SC1=S,2
1022,CC1(C)CCC(CN2CCN(c3ccc(C(=O)NS(=O)(=O)c4ccc(NCC5CCOCC5)c([N+](=O)[O-])c4)c(Oc4cc(NC(=O)OC(C)(C)C)ncc4Br)c3)CC2)=C(c2ccc(Cl)cc2)C1,2
1023,Cc1c(C(=O)NCCCN2CCN(C)CC2)c(-c2cccc(N3CCN(c4ccc(NS(=O)(=O)c5cccc(Br)c5)cc4)CC3)c2)c(-c2ccc(Cl)cc2)n1C,2
1024,CC1(C)CCC(CN2CCN(c3ccc(C(=O)NS(=O)(=O)c4ccc(NCC5CCOCC5)c([N+](=O)[O-])c4)c(Oc4cnc5[nH]ccc5c4Cl)c3)CC2)=C(c2ccc(Cl)cc2)C1,2
1025,CC(C)=CCCC1=CC[C@@H](C(=O)Nc2ccc(C(=O)O)cc2)[C@H](c2ccccc2)C1,2
1026,CC1(C)CCC(CN2CCN(c3ccc(C(=O)NS(=O)(=O)c4ccc(NCC5CN(C6CC6)CCO5)c([N+](=O)[O-])c4)c(Oc4cnc5[nH]ccc5c4)c3)CC2)=C(c2ccc(Cl)cc2)C1,2
1027,Cc1nc2ccc(Oc3cc(N4CCN(Cc5ccccc5-c5ccc(Cl)cc5)CC4)ccc3C(=O)NS(=O)(=O)c3ccc(NCC4CCOCC4)c([N+](=O)[O-])c3)cc2s1,2
1028,CN(C)CC[C@H](CSc1ccccc1)Nc1ccc(S(=O)(=O)Nc2ccc(NCCNc3cccc(-c4c(-c5ccc(Cl)cc5)cn(CC[C@H](O)CO)c4C(=O)NCCCN4CCN(C)CC4)c3)cc2)cc1[N+](=O)[O-],2
1029,CC1=C(C2=C(C)C(=O)C3C(C(C)C)=C(O)C(O)=CC3C2=O)C(=O)c2cc(O)c(O)c(C(C)C)c2C1=O,2
1030,CC(=O)Nc1cccc(Oc2cc(N3CCN(CC4=C(c5ccc(Cl)cc5)CC(C)(C)CC4)CC3)ccc2C(=O)NS(=O)(=O)c2ccc(NC3CCN(C4CCOCC4)CC3)c([N+](=O)[O-])c2)c1,2
1031,COc1ccccc1C=C1CCN(c2ccc(C(=O)NS(=O)(=O)c3ccc(N[C@H](CCN(C)C)CSc4ccccc4)c([N+](=O)[O-])c3)cc2)CC1,2
1032,CC1(C)CCC(CN2CCN(c3ccc(C(=O)NS(=O)(=O)c4cnc(NC5CCC(N6CCOCC6)CC5)c(C#N)c4)c(Oc4cnc5[nH]ccc5c4)c3)CC2)=C(c2ccc(Cl)cc2)C1,2
1033,CC1(C)CC(c2ccc(Cl)cc2)=C2CN3CCN(c4ccc(C(=O)NS(=O)(=O)c5ccc(NC[C@H]6CC[C@H](O)CO6)c([N+](=O)[O-])c5)c(N5CCCOc6nc7[nH]ccc7cc65)c4)C[C@H]3COCCCO[C@@H]2C1,2
1034,CN1CCN(Nc2ccc(S(=O)(=O)NC(=O)c3ccc(N4CCN(CC5=C(c6ccc(Cl)cc6)CC(C)(C)CC5)CC4)cc3Oc3ccc(O)cc3Cl)cc2S(=O)(=O)C(F)(F)F)CC1,2
1035,COc1cc(CCC(=O)N(C)C)ccc1-c1ccc(C(=O)NS(=O)(=O)c2ccc(NCCSc3ccccc3)c([N+](=O)[O-])c2)cc1,2
1036,Cc1cc2c(C(C)C)c(O)c(O)cc2c(O)c1-c1c(C)cc2c(C(C)C)c(O)c(O)cc2c1O,2
1037,CC1(C)CCC(CN2CCN(c3ccc(C(=O)NS(=O)(=O)c4ccc(N[C@H]5CCN(CC(F)F)C5)c([N+](=O)[O-])c4)c(Oc4cnc5[nH]ccc5c4)c3)CC2)=C(c2ccc(Cl)cc2)C1,2
1038,CCOc1ccccc1N/N=C1/C(=O)N(c2nc(-c3ccccc3)cs2)N=C1C,2
1039,CN1CCC(Nc2ccc(S(=O)(=O)NC(=O)c3ccc(N4CCN(CC5=C(c6ccc(Cl)cc6)CC(C)(C)CC5)CC4)cc3Oc3cc(Cl)cc(Cl)c3)cc2[N+](=O)[O-])CC1,2
1040,CC1(C)CCC(CN2CCN(c3ccc(C(=O)NS(=O)(=O)c4cnc(N[C@@H]5CCN(C(CF)CF)C5)c(Cl)c4)c(Oc4cnc5[nH]ccc5c4)c3)CC2)=C(c2ccc(Cl)cc2)C1,2
1041,COc1ccccc1N1C(=O)/C(=C/c2ccc(OCc3ccc(C(=O)O)cc3)cc2)SC1=S,2
1042,Cc1cc(OCCCc2c3n(c4c(-c5c(C)nn(C)c5C)c(Cl)ccc24)[C@H](C)CN(c2cccc(C(=O)O)c2)C3=O)cc(C)c1Cl,2
1043,CN1CCC(Nc2ccc(S(=O)(=O)NC(=O)c3ccc(N4CCN(CC5=C(c6ccc(Cl)cc6)CC(C)(C)CC5)CC4)cc3Oc3cccc(Cl)c3F)cc2[N+](=O)[O-])CC1,2
1044,CN(C)CCCNc1ccc(S(=O)(=O)NC(=O)c2ccc(N3CCN(CC4=C(c5ccc(Cl)cc5)CC(C)(C)CC4)CC3)cc2Oc2cccc(F)c2)cc1[N+](=O)[O-],2
1045,COC1(Cc2ccccc2F)CCN(c2ccc(C(=O)NS(=O)(=O)c3ccc(N[C@H](CCN(C)C)CSc4ccccc4)c([N+](=O)[O-])c3)cc2)CC1,2
1046,CCOc1ccccc1N/N=C1\C(=O)N(c2cc(O)cc(-c3ccc(N(C)C)cc3)c2)N=C1C,2
1047,O=C(NS(=O)(=O)c1ccc(NCC2CCOCC2)cc1)c1ccc(N2CCN(Cc3ccccc3-c3ccc(Cl)cc3)CC2)cc1Oc1cccc([N+](=O)[O-])c1,2
1048,CN(CCCc1ccccc1)S(=O)(=O)c1cc(C(=O)N2CCc3ccc(S(=O)(=O)NCCc4ccccc4)cc3C2)c(O)c(O)c1O,2
1049,CC1(C)CCC(CN2CCN(c3ccc(C(=O)NS(=O)(=O)c4ccc(N[C@@H]5CCN(C(CF)CF)C5)c(S(=O)(=O)C(F)(F)F)c4)c(Oc4cnc5[nH]ccc5c4)c3)CC2)=C(c2ccc(Cl)cc2)C1,2
1050,CN(C)CCCC(O)(c1ccccc1)c1cccc(OCc2ccc(-c3ccc(C(=O)O)cc3)cc2)c1,2
1051,Cc1cc(OCCCn2ccc3ccc(OCc4ccc(C(=O)O)cc4)cc32)cc(C)c1Cl,2
1052,O=C(NS(=O)(=O)c1ccc(Cl)c([N+](=O)[O-])c1)[C@H](Cc1c[nH]c2ccccc12)N1C(=O)/C(=C/c2ccc(-c3ccc([N+](=O)[O-])cc3)cc2)SC1=S,2
1053,O=C(Nc1ccc(C(=O)NS(=O)(=O)c2ccc(NCCSc3ccccc3)c([N+](=O)[O-])c2)cc1)c1ccccc1,2
1054,O=C1c2ccc(Br)cc2C(=O)c2cc(O)c(O)cc21,2
1055,CN(C)CCNC(=O)[C@@H]1[C@@H](CO)[C@@H]2Cn3c(cccc3=O)[C@H]1N2c1nc(-c2ccc(Cl)cc2)c(-c2ccccc2)s1,2
1056,CCNCc1ccc(Oc2cc(N3CCN(Cc4ccccc4-c4ccc(Cl)cc4)CC3)ccc2C(=O)NS(=O)(=O)c2ccc(NCC3CCOCC3)c([N+](=O)[O-])c2)cc1,2
1057,COC(=O)[C@@]12C=C[C@@H](CC(=O)NCc3ccc(Cl)cc3)C[C@@H]1CC(C)=C[C@H]2/C=C(\Cl)c1ccc(C(=O)O)cc1,2
1058,CN(C)CC[C@H](CSc1ccccc1)Nc1ccc(S(=O)(=O)NC(=O)c2ccc(N3CCC(=Cc4cccnc4)CC3)cc2)cc1[N+](=O)[O-],2
1059,COc1ccc(-c2ccc(Cn3cc(C(=O)N[C@@H](Cc4ccccc4)C(=O)NS(=O)(=O)c4ccccc4)c4ccccc43)cc2)cc1,2
1060,Cc1ccccc1Oc1cc(N2CCN(CC3=C(c4ccc(Cl)cc4)CC(C)(C)CC3)CC2)ccc1C(=O)NS(=O)(=O)c1ccc(NC2CCN(C)CC2)c([N+](=O)[O-])c1,2
1061,CN(C)CC[C@H](CSc1ccccc1)Nc1ccc(S(=O)(=O)NC(=O)c2ccc(N3CCC(=Cc4ccccn4)CC3)cc2)cc1[N+](=O)[O-],2
1062,CC1(C)CCC(CN2CCN(c3ccc(C(=O)NS(=O)(=O)c4ccc(NCC5(N)CCOCC5)c([N+](=O)[O-])c4)c(Oc4cc5cc[nH]c5cc4F)c3)CC2)=C(c2ccc(Cl)cc2)C1,2
1063,CC1(C)CCC(CN2CCN(c3ccc(C(=O)NS(=O)(=O)c4cnc(OCC5CCN(c6nccs6)CC5)c(Cl)c4)c(Oc4cnc5[nH]ccc5c4)c3)CC2)=C(c2ccc(Cl)cc2)C1,2
1064,CC1(C)CCC(CN2CCN(c3ccc(C(=O)NS(=O)(=O)c4ccc(NCC5CCC(C#N)CC5)c([N+](=O)[O-])c4)c(Oc4cnc(N)c(Cl)c4)c3)CC2)=C(c2ccc(Cl)cc2)C1,2
1065,Cc1cc(Oc2ccc(Cn3nc4ccc(Cl)cc4c3C(=O)NS(=O)(=O)c3ccc(NCc4ccn(C)n4)c([N+](=O)[O-])c3)cc2)cc(C)c1Cl,2
1066,N#Cc1ccc(CN2Cc3c(cc(Br)c(OCc4ccc(-c5ccccc5)cc4)c3Br)C[C@H]2C(=O)NS(=O)(=O)c2ccc(Cl)c([N+](=O)[O-])c2)cc1,2
1067,CC1(C)CCC(CN2CCN(c3ccc(C(=O)NS(=O)(=O)c4ccc(NCC5CCOCC5)c([N+](=O)[O-])c4)c(Oc4ccccc4-c4cccnc4N)c3)CC2)=C(c2ccc(Cl)cc2)C1,2
1068,CC(C)N1CCC(Nc2ccc(S(=O)(=O)NC(=O)c3ccc(N4CCN(CC5=C(c6ccc(Cl)cc6)CC(C)(C)CC5)CC4)cc3Oc3cccc(Cl)c3)cc2[N+](=O)[O-])CC1,2
1069,CC1(C)CCC(CN2CCN(c3ccc(C(=O)NS(=O)(=O)c4ccc(NCC5CCOCC5)c([N+](=O)[O-])c4)c(Oc4cc(N)nc(N)c4)c3)CC2)=C(c2ccc(Cl)cc2)C1,2
1070,CC1(C)CCC(CN2CCN(c3ccc(C(=O)NS(=O)(=O)c4ccc(NCCCN5CCOCC5)c([N+](=O)[O-])c4)c(Oc4cccc(Cl)c4F)c3)CC2)=C(c2ccc(Cl)cc2)C1,2
1071,CC(=O)N[C@@H](Cc1c[nH]c2ccccc12)C(=O)Nc1ccc(C(=O)NS(=O)(=O)c2ccc(NCCSc3ccccc3)c([N+](=O)[O-])c2)cc1,2
1072,O=C(NCCCN1CCCC1)[C@@H]1[C@@H](CO)[C@@H]2Cn3c(cccc3=O)[C@H]1N2c1nc(-c2ccc(Cl)cc2)c(-c2ccccc2)s1,2
1073,CN1CCC(Nc2ccc(S(=O)(=O)NC(=O)c3ccc(N4CCN(CC5=C(c6ccc(Cl)cc6)CC(C)(C)CC5)CC4)cc3Oc3ccc4[nH]ccc4c3F)cc2[N+](=O)[O-])CC1,2
1074,Cc1cc(OCCCc2c(C(=O)O)n3c4c(cccc24)SCC3)cc(C)c1Cl,2
1075,Cc1cc(OCCCn2ccc3c(OCc4ccccc4C(=O)O)cccc32)cc(C)c1Cl,2
1076,CC1(C)CCC(CN2CCN(c3ccc(C(=O)NS(=O)(=O)c4ccc(NC5CCN(C6CCOCC6)CC5)c([N+](=O)[O-])c4)c(Oc4cc(F)cc5[nH]ccc45)c3)CC2)=C(c2ccc(Cl)cc2)C1,2
1077,CC(C)(C)OC(=O)N1C[C@@H](Oc2ccc(-c3ccccc3)cc2)C[C@H]1C(=O)N[C@@H](Cc1ccc(O[Si](C)(C)C(C)(C)C)cc1)C(=O)NS(=O)(=O)c1ccc(Cl)c([N+](=O)[O-])c1,2
1078,CC1(C)CCC(CN2CCN(c3ccc(C(=O)NS(=O)(=O)c4ccc(NCCN5CCOCC5)c([N+](=O)[O-])c4)c(Oc4cccc(Cl)c4)c3)CC2)=C(c2ccc(Cl)cc2)C1,2
1079,COCCNC(=O)[C@@H]1[C@@H](CO)[C@@H]2Cn3c(cccc3=O)[C@H]1N2c1nc(-c2ccc(Cl)cc2)c(-c2ccccc2)s1,2
1080,CN(C)C(=O)c1ccccc1Oc1cc(N2CCN(Cc3ccccc3-c3ccc(Cl)cc3)CC2)ccc1C(=O)NS(=O)(=O)c1ccc(NCC2CCOCC2)c([N+](=O)[O-])c1,2
1081,CC(=O)Nc1ccc(Oc2cc(N3CCN(CC4=C(c5ccc(Cl)cc5)CC(C)(C)CC4)CC3)ccc2C(=O)NS(=O)(=O)c2ccc(NCC3CCOCC3)c([N+](=O)[O-])c2)cn1,2
1082,COc1ccccc1Oc1cc(N2CCN(CC3=C(c4ccc(Cl)cc4)CC(C)(C)CC3)CC2)ccc1C(=O)NS(=O)(=O)c1ccc(NC2CCN(C)CC2)c([N+](=O)[O-])c1,2
1083,CC(C)C[C@@H](C(=O)O)N1C(=O)/C(=C/c2ccc(Br)cc2)SC1=S,2
1084,O=C(NS(=O)(=O)c1ccccc1)[C@H](Cc1c[nH]c2ccccc12)N1C(=O)/C(=C/c2ccc(-c3ccc([N+](=O)[O-])cc3)cc2)SC1=S,2
1085,CC1(C)CCC(CN2CCN(c3ccc(C(=O)NS(=O)(=O)c4cnc(OCC5(F)CCOCC5)c(C(F)(F)F)c4)c(Oc4cnc5[nH]ccc5c4)c3)CC2)=C(c2ccc(Cl)cc2)C1,2
1086,Cc1ccc(/C=C/C(=O)Nc2ccc(C(=O)NS(=O)(=O)c3ccc(NCCSc4ccccc4)c([N+](=O)[O-])c3)cc2)cc1,2
1087,CC1=C[C@@H](/C=C(\Cl)c2ccc(C(=O)O)cc2)[C@]2(C(=O)O)C=C[C@@H](CCn3cc(Cc4ccccc4)nn3)C[C@@H]2C1,2
1088,COc1ccc2c(c1)c(CC(=O)N[C@@H](Cc1ccccc1)C(=O)NS(=O)(=O)c1ccc(Cl)c([N+](=O)[O-])c1)c(C)n2-c1ccc(-c2ccccc2)cc1,2
1089,CCC1(O)CCC(CNc2ccc(S(=O)(=O)NC(=O)c3ccc(N4CCN(CC5=C(c6ccc(Cl)cc6)CC(C)(C)CC5)CC4)cc3Oc3cnc4[nH]ccc4c3)cc2[N+](=O)[O-])CC1,2
1090,CC(=O)N[C@@H](Cc1ccccc1)C(=O)Nc1ccc(C(=O)NS(=O)(=O)c2ccc(NCCSc3ccccc3)c([N+](=O)[O-])c2)cc1,2
1091,CC(C)C[C@H](NC(=O)c1cn(Cc2ccc(-c3ccc(Cl)cc3)cc2)c2ccccc12)C(=O)NS(=O)(=O)c1ccccc1,2
1092,Cc1ccc(-c2ccc(O[C@H]3C[C@@H](C(=O)N[C@@H](Cc4ccc(Br)cc4)C(=O)NS(=O)(=O)c4ccc(Cl)c([N+](=O)[O-])c4)N(C(=O)OC(C)(C)C)C3)cc2)cc1,2
1093,CC[C@H](C)[C@@H](C(=O)NS(=O)(=O)c1ccccc1)N1C(=O)/C(=C/c2ccc(-c3ccccc3)cc2)SC1=S,2
1094,CCc1c(-c2ccc(Cl)cc2)c(-c2cccc(N3CCN(c4ccc(NS(=O)(=O)c5ccc(N[C@H](CCN(C)C)CSc6ccccc6)c([N+](=O)[O-])c5)cc4)CC3)c2)c(C(=O)O)n1C,2
1095,CC1(C)CCC(CN2CCN(c3ccc(C(=O)NS(=O)(=O)c4ccc(NCC5CCOCC5)c([N+](=O)[O-])c4)c(Oc4ccc5[nH]cc(Cl)c5c4)c3)CC2)=C(c2ccc(Cl)cc2)C1,2
1096,O=C(NS(=O)(=O)c1ccc(NC2CCC(N3CCOCC3)CC2)c([N+](=O)[O-])c1)c1ccc(N2CCN(CC3=C(c4ccc(Cl)cc4)CCOCC3)CC2)cc1Oc1cc2cc[nH]c2cc1Cl,2
1097,Cc1cc(OCCCn2c(C(=O)N3CCCCC3)cc3ccc(OCc4ccccc4C(=O)O)cc32)cc(C)c1Cl,2
1098,Cc1cc2cc(Oc3cc(N4CCN(CC5=C(c6ccc(Cl)cc6)CC(C)(C)CC5)CC4)ccc3C(=O)NS(=O)(=O)c3ccc(NCCCN4CCOCC4)c([N+](=O)[O-])c3)ccc2[nH]1,2
1099,N#CC1=C(NCCC(=O)O)c2ccc(Sc3ccc(Br)cc3)c3cccc(c23)C1=O,2
1100,O=C([C@@H]1[C@@H](CO)[C@@H]2Cn3c(cccc3=O)[C@@H]2N1Cc1ccc(Cl)c(Cl)c1)N1CCC(Cc2ccccc2)CC1,2
1101,CC1(C)CC(c2ccc(Cl)cc2)=C(CN2CCN(c3ccc(C(=O)NS(=O)(=O)c4ccc(NCC5CCOCC5)c([N+](=O)[O-])c4)c(Oc4cc5cc[nH]c5cc4Cl)c3)CC2)CO1,2
1102,O=C(NS(=O)(=O)c1ccc(NC2CCC(N3CCOCC3)CC2)c(S(=O)(=O)C(F)(F)F)c1)c1ccc(N2CCN(CC3=C(c4ccc(Cl)cc4)CCOCC3)CC2)cc1Oc1cc2cc[nH]c2cc1Cl,2
1103,N#CC1=C2C3=CC=C(N4CCSCC4)C4=CC=CC(C2=NC1=O)C43,2
1104,Cc1cc(C)n2nc(S(=O)(=O)NC(=O)c3ccc(N4CCN(CC5=C(c6ccc(Cl)cc6)CC(C)(C)CC5)CC4)cc3Oc3cc4cc[nH]c4c(F)c3F)nc2n1,2
1105,COC1(Cc2ccccc2)CCN(c2ccc(C(=O)NS(=O)(=O)c3ccc(N[C@H](CCN(C)C)CSc4ccccc4)c([N+](=O)[O-])c3)cc2)CC1,2
1106,CN1CCC(Nc2ccc(S(=O)(=O)NC(=O)c3ccc(N4CCN(CC5=C(c6ccc(Cl)cc6)CC(C)(C)CC5)CC4)cc3Oc3ccc(N)c(Cl)c3)cc2[N+](=O)[O-])CC1,2
1107,O=C(N[C@@H](Cc1ccc(OCc2ccc(-c3ccccc3)cc2)cc1)C(=O)NS(=O)(=O)c1ccc(Cl)c([N+](=O)[O-])c1)c1cccnc1,2
1108,O=C(NS(=O)(=O)c1ccc(NC2CCC(N3CCOCC3)CC2)c([N+](=O)[O-])c1)c1ccc(N2CCN(CC3=C(c4ccc(Cl)cc4)CCC4(CCCC4)C3)CC2)cc1Oc1cnc2[nH]ccc2c1,2
1109,O=c1c2cc(O)c(O)c(O)c2nc(-c2ccccc2)n1Cc1ccccc1,2
1110,CC1(C)CCC(CN2CCN(c3ccc(C(=O)NS(=O)(=O)c4ccc(NN5CCN(C(=O)OC(C)(C)C)CC5)c([N+](=O)[O-])c4)c(Oc4cnc5[nH]ccc5c4)c3)CC2)=C(c2ccc(Cl)cc2)C1,2
1111,CCC(C)[C@H](NC(=O)Cc1c(C)n(C(=O)c2ccc(Cl)cc2)c2ccc(OC)cc12)C(=O)NS(=O)(=O)c1ccc(Cl)c([N+](=O)[O-])c1,2
1112,CC1(C)CC(c2ccc(Cl)cc2)=C(CN2CCN(c3ccc(C(=O)NS(=O)(=O)c4ccc(NCC5CCOCC5)c([N+](=O)[O-])c4)c(Oc4ccc5[nH]ccc5c4)c3)CC2)CO1,2
1113,O=C(O)c1ccc([N+](=O)[O-])c(COc2ccc(/C=C3\SC(=S)N(c4ccccc4)C3=O)cc2)c1,2
1114,Cc1ccc(-c2ccc(O[C@H]3C[C@@H](C(=O)N[C@@H](Cc4ccccc4)C(=O)NS(=O)(=O)c4ccc(Cl)c([N+](=O)[O-])c4)N(C(=O)OC(C)(C)C)C3)cc2)cc1,2
1115,COC1(CC2CCCCC2)CCN(c2ccc(C(=O)NS(=O)(=O)c3ccc(N[C@H](CCN(C)C)CSc4ccccc4)c([N+](=O)[O-])c3)cc2)CC1,2
1116,CC1(C)CC(c2ccc(Cl)cc2)=C2CN3CCN(c4ccc(C(=O)NS(=O)(=O)c5cnc(OCC6(F)CCOCC6)c(Cl)c5)c(N5CCCOc6nc7[nH]ccc7cc65)c4)C[C@H]3COCCCO[C@@H]2C1,2
1117,CC1=NN(c2nc(-c3ccccc3)cs2)C(=O)/C1=C/c1ccccc1,2
1118,CN(C)CCCNc1ccc(S(=O)(=O)NC(=O)c2ccc(N3CCN(Cc4ccccc4-c4ccc(Cl)cc4)CC3)cc2Oc2cccc(CO)c2)cc1[N+](=O)[O-],2
1119,CC(C)c1ccc(O)c(Cn2c(-c3ccccc3)nc3c(O)c(O)c(O)cc3c2=O)c1,2
1120,CC1(C)CCC(CN2CCN(c3ccc(C(=O)NS(=O)(=O)c4cnc(OCC5(F)CCN(CC#N)CC5)c(Cl)c4)c(Oc4cnc5[nH]ccc5c4)c3)CC2)=C(c2ccc(Cl)cc2)C1,2
1121,O=C1c2ccccc2C(=O)c2cc(O)c(O)cc21,2
1122,CN(C)CC[C@H](CSc1ccccc1)Nc1ccc(S(=O)(=O)NC(=O)c2ccc(N3CCN(Cc4ccccc4-c4ccc(Cl)cc4)CC3)cc2)cc1[N+](=O)[O-],2
1123,CC1(C)CCC(CN2CCN(c3ccc(C(=O)NS(=O)(=O)c4cnc(OCC5CCOCC5)c(Cl)c4)c(Oc4cc5cc[nH]c5cc4F)c3)CC2)=C(c2ccc(Cl)cc2)C1,2
1124,Cc1ccc(-c2ccsc2S(=O)(=O)NCCNC(=O)Nc2cc(Cl)cc(Cl)c2)c(Oc2ccc(O)c(O)c2)c1,2
1125,CN1CCN(Nc2ccc(S(=O)(=O)NC(=O)c3ccc(N4CCN(CC5=C(c6ccc(Cl)cc6)CC(C)(C)CC5)CC4)cc3Oc3cc4cc[nH]c4cc3Cl)cc2[N+](=O)[O-])CC1,2
1126,CC1(C)CCC(CN2CCN(c3ccc(C(=O)NS(=O)(=O)c4ccc(OCC#CCN5CCOCC5)c([N+](=O)[O-])c4)c(Oc4cc5cc[nH]c5cc4F)c3)CC2)=C(c2ccc(Cl)cc2)C1,2
1127,O=C1c2ccccc2C(=O)c2c1ccc(O)c2O,2
1128,CCN(C)C(=O)N1CCOC(CNc2ccc(S(=O)(=O)NC(=O)c3ccc(N4CCN(CC5=C(c6ccc(Cl)cc6)CC(C)(C)CC5)CC4)cc3Oc3cnc4[nH]ccc4c3)cc2Cl)C1,2
1129,CN1CCC(Nc2ccc(S(=O)(=O)NC(=O)c3ccc(N4CCN(CC5=C(c6ccc(Cl)cc6)CC(C)(C)CC5)CC4)cc3Oc3cccc(F)c3F)cc2[N+](=O)[O-])CC1,2
1130,CN1CCC(Nc2ccc(S(=O)(=O)NC(=O)c3ccc(N4CCN(CC5=C(c6ccc(Cl)cc6)CC(C)(C)CC5)CC4)cc3Oc3cccc(Cl)c3)cc2[N+](=O)[O-])CC1,2
1131,CC1(C)CCC(CN2CCN(c3ccc(C(=O)NS(=O)(=O)c4ccc(NCCCN5CCOCC5)c(S(=O)(=O)C(F)(F)F)c4)c(Oc4cnc(N)c(Cl)c4)c3)CC2)=C(c2ccc(Cl)cc2)C1,2
1132,CC1(C)CCC(CN2CCN(c3ccc(C(=O)NS(=O)(=O)c4ccc(NC5CCN(CC(F)F)CC5)c([N+](=O)[O-])c4)c(Oc4cnc5[nH]ccc5c4)c3)CC2)=C(c2ccc(Cl)cc2)C1,2
1133,Cc1c(C(=O)NCCCN2CCN(C)CC2)c(-c2cccc(N3CCN(c4ccc(NS(=O)(=O)c5cccc(C(F)(F)F)c5)cc4)CC3)c2)c(-c2ccc(Cl)cc2)n1C,2
1134,CC1(C)CCC(CN2CCN(c3ccc(C(=O)NS(=O)(=O)c4ccc(NCC5CN(C6CC6)CCO5)c(Cl)c4)c(Oc4cnc5[nH]ccc5c4)c3)CC2)=C(c2ccc(Cl)cc2)C1,2
1135,COC1CCC(CNc2ccc(S(=O)(=O)NC(=O)c3ccc(N4CCN(CC5=C(c6ccc(Cl)cc6)CC(C)(C)CC5)CC4)cc3Oc3ccc(NCC(F)F)nc3)cc2[N+](=O)[O-])CC1,2
1136,CC1(C)CCC(CN2CCN(c3ccc(C(=O)NS(=O)(=O)c4cnc(OCC5CCOCC5)c(C(F)(F)F)c4)c(Oc4cnc5[nH]ccc5c4)c3)CC2)=C(c2ccc(Cl)cc2)C1,2
1137,CC1(C)CCC(CN2CCN(c3ccc(C(=O)NS(=O)(=O)c4cnc(NC5CCC(N6CCOCC6)CC5)c(Br)c4)c(Oc4cc5cc[nH]c5cc4F)c3)CC2)=C(c2ccc(Cl)cc2)C1,2
1138,CCN(C)C(=O)N1CCOC(CNc2ncc(S(=O)(=O)NC(=O)c3ccc(N4CCN(CC5=C(c6ccc(Cl)cc6)CC(C)(C)CC5)CC4)cc3Oc3cnc4[nH]ccc4c3)cc2Cl)C1,2
1139,CCOc1ccccc1N/N=C1\C(=O)N(c2cccc(-c3ccc(N(C)C)cc3)c2)N=C1C,2
1140,Cc1cc(OCCCc2c(C(=O)O)sc3ccccc23)cc(C)c1Cl,2
1141,COC(=O)CCCCCN/C=C1\C(=O)C(O)=C(C(C)C)c2cc(C)c(-c3c(C)cc4c(c3O)/C(=C/NCCCCCC(=O)OC)C(=O)C(O)=C4C(C)C)c(O)c21,2
1142,CC1(C)CCC(CN2CCN(c3ccc(C(=O)NS(=O)(=O)c4ccc(NC[C@@H]5CCCOC5)c([N+](=O)[O-])c4)c(Oc4cc5cc[nH]c5cc4F)c3)CC2)=C(c2ccc(Cl)cc2)C1,2
1143,COc1ccc(C(=O)Nc2ccc(C(=O)NS(=O)(=O)c3ccc(NCCSc4ccccc4)c([N+](=O)[O-])c3)cc2)cc1,2
1144,O=C(NS(=O)(=O)c1ccc(NCC2CCOCC2)c([N+](=O)[O-])c1)c1ccc(N2CCN(Cc3ccccc3-c3ccc(Cl)cc3)CC2)cc1Oc1cccc([N+](=O)[O-])c1,2
1145,Cc1cc(Oc2ccc(Cn3nc4ccc(Cl)cc4c3C(=O)NS(=O)(=O)c3ccc([N+](=O)[O-])c(N4CCOCC4)c3)cc2)cc(C)c1Cl,2
1146,CN1CCC(Nc2ccc(S(=O)(=O)NC(=O)c3ccc(N4CCN(CC5=C(c6ccc(Cl)cc6)CC(C)(C)OC5)CC4)cc3Oc3cccc(F)c3F)cc2[N+](=O)[O-])CC1,2
1147,O=C(NCCNS(=O)(=O)c1ccc(-c2ccccc2Oc2ccc(O)c(O)c2)s1)Nc1cc(Cl)cc(Cl)c1,2
1148,CC1(C)CCC(c2ccc(Cl)cc2)=C(CN2CCN(c3ccc(C(=O)NS(=O)(=O)c4ccc(NCC5CCOCC5)c([N+](=O)[O-])c4)c(Oc4cc5cc[nH]c5cc4F)c3)CC2)C1,2
1149,O=C(O[C@@H]1Cc2c(O)cc(O)cc2O[C@@H]1c1cc(O)c(O)c(O)c1)c1cc(O)c(O)c(O)c1,2
1150,CC1(C)CCC(CN2CCN(c3ccc(C(=O)NS(=O)(=O)c4cnc(OCC5(F)CCOCC5)c(Cl)c4)c(Oc4cnc5[nH]ccc5c4)c3)CC2)=C(c2ccc(Cl)cc2)C1,2
1151,CC(C)c1ccccc1Cc1cc(C(=O)Nc2ccc(S(=O)(=O)c3ccccc3C(C)(C)C)cc2)c(O)c(O)c1O,2
1152,O=C(Nc1nc2ccccc2s1)c1cccc2c1CN(c1nc(C(=O)O)c(CCOc3ccc(-n4ncc5cncnc54)cc3)s1)CC2,2
1153,CC1(C)C=CC(c2ccc(Cl)cc2)=C(CN2CCN(c3ccc(C(=O)NS(=O)(=O)c4ccc(NCC5CCOCC5)c([N+](=O)[O-])c4)c(Oc4cnc5[nH]ccc5c4)c3)CC2)C1,2
1154,Cc1cc(OCCCc2c(C(=O)O)n3c4c(cccc24)SCC3)ccc1Cl,2
1155,CC1(C)CCC(CN2CCN(c3ccc(C(=O)NS(=O)(=O)c4ccc(OCC5CCOC5)c(Cl)c4)c(Oc4cnc5[nH]ccc5c4)c3)CC2)=C(c2ccc(Cl)cc2)C1,2
1156,Cc1c(S(=O)(=O)NC(=O)c2ccc(N3CCN(Cc4ccccc4-c4ccc(Cl)cc4)CC3)cc2)sc2ccc(F)cc12,2
1157,CN1CCC(Nc2ccc(S(=O)(=O)NC(=O)c3ccc(N4CCN(CC5=C(c6ccc(Cl)cc6)CC(C)(C)CC5)CC4)cc3Oc3cccc(O)c3)cc2[N+](=O)[O-])CC1,2
1158,CC1(C)CCC(CN2CCN(c3ccc(C(=O)NS(=O)(=O)c4cnc(NCC5CCOCC5)c(C#N)c4)c(Oc4cnc5[nH]ccc5c4)c3)CC2)=C(c2ccc(Cl)cc2)C1,2
1159,Nc1cccc(Oc2cc(N3CCN(Cc4ccccc4-c4ccc(Cl)cc4)CC3)ccc2C(=O)NS(=O)(=O)c2ccc(NCC3CCOCC3)c([N+](=O)[O-])c2)c1,2
1160,O=C(O)[C@H](Cc1ccccc1)N1C(=O)/C(=C/c2ccc(OCCOCCOc3ccc(/C=C4\SC(=S)N([C@@H](Cc5ccccc5)C(=O)O)C4=O)cc3)cc2)SC1=S,2
1161,CC1(C)CCC(CN2CCN(c3ccc(C(=O)NS(=O)(=O)c4ccc(NC5CCN(C6CCOCC6)CC5)c([N+](=O)[O-])c4)c(OCc4csc(N)n4)c3)CC2)=C(c2ccc(Cl)cc2)C1,2
1162,CCOc1cccc(S(=O)(=O)Nc2ccc(N3CCN(c4cccc(-c5c(C(=O)NCCCN6CCN(C)CC6)c(C)n(C)c5-c5ccc(Cl)cc5)c4)CC3)cc2)c1,2
1163,O=C(O)CSc1cc(NS(=O)(=O)c2ccc(-c3ccc(Cl)cc3)cc2)c2ccccc2c1O,2
1164,CC1(C)CCC(CN2CCN(c3ccc(C(=O)NS(=O)(=O)c4ccc(NC5CCN(C6CCOCC6)CC5)c([N+](=O)[O-])c4)c(Oc4cc5cc[nH]c5cc4F)c3)CC2)=C(c2ccc(Cl)cc2)C1,2
1165,CC1=C[C@@H](/C=C(\Cl)c2ccc(C(=O)O)cc2)[C@]2(C(=O)O)C=C[C@@H](CCOC(=O)c3ccc(Oc4cccnc4)cc3)C[C@@H]2C1,2
1166,CN(C)CCCNc1ccc(S(=O)(=O)NC(=O)c2ccc(N3CCN(Cc4ccccc4-c4ccc(Cl)cc4)CC3)cc2Oc2cccc(N3CCOCC3)c2)cc1[N+](=O)[O-],2
1167,CN1CCC(Nc2ccc(S(=O)(=O)NC(=O)c3ccc(N4CCN(CC5=C(c6ccc(Cl)cc6)CC(C)(C)CC5)CC4)cc3OCc3csc(N)n3)cc2[N+](=O)[O-])CC1,2
1168,O=C(NS(=O)(=O)c1ccc(NCCCN2CCOCC2)c([N+](=O)[O-])c1)c1ccc(N2CCN(Cc3ccccc3-c3ccc(Cl)cc3)CC2)cc1Oc1cccc(-c2ccncc2)c1,2
1169,CC(C)(C)OC(=O)N1C[C@@H](Oc2ccc(-c3ccc(Cl)cc3)cc2)C[C@H]1C(=O)N[C@@H](Cc1ccc(OCCc2ccccc2)cc1)C(=O)NS(=O)(=O)c1ccc(Cl)c([N+](=O)[O-])c1,2
1170,Cc1nc2cc(Oc3cc(N4CCN(Cc5ccccc5-c5ccc(Cl)cc5)CC4)ccc3C(=O)NS(=O)(=O)c3ccc(NCCCN(C)C)c([N+](=O)[O-])c3)ccc2s1,2
1171,CC1(C)CCC(CN2CCN(c3ccc(C(=O)NS(=O)(=O)c4ccc(NCc5cccc(OC(F)F)c5)c([N+](=O)[O-])c4)c(Oc4cnc5[nH]ccc5c4)c3)CC2)=C(c2ccc(Cl)cc2)C1,2
1172,CC1(C)CCC(CN2CCN(c3ccc(C(=O)NS(=O)(=O)c4ccc(OCC5(F)CCOCC5)c([N+](=O)[O-])c4)c(Oc4cnc(N)c(Br)c4)c3)CC2)=C(c2ccc(Cl)cc2)C1,2
1173,CC1(C)CCC(CN2CCN(c3ccc(C(=O)NS(=O)(=O)c4ccc(NC5CCN(C6CCOCC6)CC5)c([N+](=O)[O-])c4)c(Oc4ccccc4Cl)c3)CC2)=C(c2ccc(Cl)cc2)C1,2
1174,CC1(C)CCN(c2ccc(C(=O)NS(=O)(=O)c3ccc(N[C@@H](CCN4CCOCC4)CSc4ccccc4)c([N+](=O)[O-])c3)cc2)CC1,2
1175,CC1(C)CCC(CN2CCN(c3ccc(C(=O)NS(=O)(=O)c4cnc(NC5CCN(C6CCOCC6)CC5)c(Br)c4)c(Oc4cc5cc[nH]c5cc4F)c3)CC2)=C(c2ccc(Cl)cc2)C1,2
1176,COC(=O)CCCCN/C=C1\C(=O)C(O)=C(C(C)C)c2cc(C)c(-c3c(C)cc4c(c3O)/C(=C/NCCCCC(=O)OC)C(=O)C(O)=C4C(C)C)c(O)c21,2
1177,CC1(C)CCC(CN2CCN(c3ccc(C(=O)NS(=O)(=O)c4cnc(OC[C@H]5CN(CC#N)CCO5)c(Cl)c4)c(Oc4cnc5[nH]ccc5c4)c3)CC2)=C(c2ccc(Cl)cc2)C1,2
1178,CN(C)CC[C@H](CSc1ccccc1)Nc1ccc(S(=O)(=O)NC(=O)c2ccc(N3CCC(=Cc4ccc(C(F)(F)F)cc4)CC3)cc2)cc1[N+](=O)[O-],2
1179,CC1(C)CCC(CN2CCN(c3ccc(C(=O)NS(=O)(=O)c4ccc(OCC5COCCO5)c([N+](=O)[O-])c4)c(Oc4cc5cc[nH]c5cc4Cl)c3)CC2)=C(c2ccc(Cl)cc2)C1,2
1180,CCN1CCC(Nc2ccc(S(=O)(=O)NC(=O)c3ccc(N4CCN(CC5=C(c6ccc(Cl)cc6)CC(C)(C)CC5)CC4)cc3Oc3ccccc3Cl)cc2[N+](=O)[O-])CC1,2
1181,CC(C)(C)c1ccc(OCCCn2ccc3cc(OCc4cccc(C(=O)O)c4)ccc32)cc1,2
1182,O=C(O)c1c(CCCOc2ccc(Cl)c3ccccc23)c2cccc3c2n1CCS3,2
1183,Cc1ccc(CC(=O)N[C@@H](Cc2ccc(OCc3ccc(-c4ccccc4)cc3)cc2)C(=O)NS(=O)(=O)c2ccc(Cl)c([N+](=O)[O-])c2)cc1,2
1184,CC1(C)CCC(CN2CCN(c3ccc(C(=O)NS(=O)(=O)c4ccc(NCC5CCOCC5)c([N+](=O)[O-])c4)c(Oc4cc5cc[nH]c5cc4Cl)c3)CC2)=C(c2ccc(Cl)cc2)C1,2
1185,CN1CCC(Nc2ccc(S(=O)(=O)NC(=O)c3ccc(N4CCN(CC5=C(c6ccc(Cl)cc6)CC(C)(C)CC5)CC4)cc3Oc3cc4cc[nH]c4cc3C(F)(F)F)cc2[N+](=O)[O-])CC1,2
1186,COC(=O)c1ccc(-c2ccc(/C=C3\SC(=S)N([C@@H](Cc4ccccc4)C(=O)NS(=O)(=O)c4ccc(Cl)c([N+](=O)[O-])c4)C3=O)cc2)cc1,2
1187,N#Cc1ccc(CC2Cc3c(cc(Br)c(OCc4ccc(-c5ccccc5)cc4)c3Br)C[C@H]2C(=O)NS(=O)(=O)c2ccc(Cl)c([N+](=O)[O-])c2)cc1,2
1188,CC1(C)CCC(CN2CCN(c3ccc(C(=O)NS(=O)(=O)c4ccc(NC5CCN(C6CCOCC6)CC5)c([N+](=O)[O-])c4)c(Oc4ccc(N)nc4)c3)CC2)=C(c2ccc(Cl)cc2)C1,2
1189,O=C(NS(=O)(=O)c1cccc([N+](=O)[O-])c1)[C@H](Cc1ccccc1)N1C(=O)N[C@@H](Cc2ccc(-c3ccc(Cl)cc3)cc2)C1=O,2
1190,CC1(C)CCC(CN2CCN(c3ccc(C(=O)NS(=O)(=O)c4ccc(NCC5CCOCC5)c([N+](=O)[O-])c4)c(Oc4cc(NC(=O)OC(C)(C)C)nc(NC(=O)OC(C)(C)C)c4)c3)CC2)=C(c2ccc(Cl)cc2)C1,2
1191,CON(C)C(=O)[C@H]1CC=C(CCC=C(C)C)C[C@@H]1c1ccccc1,2
1192,CC(C)Oc1ccc(-c2cc(C(=O)O)nn2-c2ccc(C(C)C)cc2)cc1,2
1193,CCN1CCC(Nc2ccc(S(=O)(=O)NC(=O)c3ccc(N4CCN(CC5=C(c6ccc(Cl)cc6)CC(C)(C)CC5)CC4)cc3Oc3cccc(Cl)c3)cc2[N+](=O)[O-])CC1,2
1194,CC1(C)CCC(CN2CCN(c3ccc(C(=O)NS(=O)(=O)c4cnc(OCCC5CCOCC5)c(C#N)c4)c(Oc4cnc5[nH]ccc5c4)c3)CC2)=C(c2ccc(Cl)cc2)C1,2
1195,CC1(C)CCC(CN2CCN(c3ccc(C(=O)NS(=O)(=O)c4cnc(OCC5CCOCC5)c(C#N)c4)c(Oc4cnc5[nH]ccc5c4)c3)CC2)=C(c2ccc(Cl)cc2)C1,2
1196,Cc1cc(OCCCc2c3n(c4c(-c5c(C)nn(C)c5C)c(Cl)ccc24)CCCN(c2cc(C(=O)O)cc4ccn(C)c24)C3=O)cc(C)c1Cl,2
1197,CC1(C)CCC(CN2CCN(c3ccc(C(=O)NS(=O)(=O)c4ccc(N[C@@H]5CCN(C(CF)CF)C5)c([N+](=O)[O-])c4)c(Oc4cnc5[nH]ccc5c4)c3)CC2)=C(c2ccc(Cl)cc2)C1,2
1198,CC1(C)CCC(CN2CCN(c3ccc(C(=O)NS(=O)(=O)c4cnc(OCC5CCC(C)(O)CC5)c(Cl)c4)c(Oc4cnc5[nH]ccc5c4)c3)CC2)=C(c2ccc(Cl)cc2)C1,2
1199,CCc1sc2ncnc(N[C@H](C)C(=O)O)c2c1-c1ccc2[nH]ccc2c1,2
1200,CC1(C)CCC(CN2CCN(c3ccc(C(=O)NS(=O)(=O)c4cnc(OCC5CCOCC5)c(F)c4)c(Oc4cnc5[nH]ccc5c4)c3)CC2)=C(c2ccc(Cl)cc2)C1,2
1201,CC1(C)CCC(CN2CCN(c3ccc(C(=O)NS(=O)(=O)c4ccc(NC5CCN(Cc6cscn6)CC5)c([N+](=O)[O-])c4)c(Oc4cc5cc[nH]c5cc4F)c3)CC2)=C(c2ccc(Cl)cc2)C1,2
1202,CC(C)N1CCC2(CCC(c3ccc(Cl)cc3)=C(CN3CCN(c4ccc(C(=O)NS(=O)(=O)c5ccc(NCC6CCOCC6)c(C(F)(F)F)c5)c(Oc5cnc6[nH]ccc6c5)c4)CC3)C2)CC1,2
1203,COc1cc(O)c2c(=O)cc(-c3cc(O)c(O)cc3Cc3ccccc3)oc2c1,2
1204,COCC(=O)N1CCC(COc2ccc(S(=O)(=O)NC(=O)c3ccc(N4CCN(CC5=C(c6ccc(Cl)cc6)CC(C)(C)CC5)CC4)cc3Oc3cnc4[nH]ccc4c3)cc2Cl)CC1,2
1205,CC1(C)CCC(CN2CCN(c3ccc(C(=O)NS(=O)(=O)c4ccc(NCCCN5CCOCC5)c([N+](=O)[O-])c4)c(Oc4ccccc4F)c3)CC2)=C(c2ccc(Cl)cc2)C1,2
1206,CC1(C)CCC(CN2CCN(c3ccc(C(=O)NS(=O)(=O)c4ccc(NC5CCN(C6CCCC6)CC5)c([N+](=O)[O-])c4)c(Oc4cccc(F)c4F)c3)CC2)=C(c2ccc(Cl)cc2)C1,2
1207,O=C(O)[C@H](Cc1ccccc1)N1C(=O)/C(=C/c2ccc(Br)cc2)SC1=S,2
1208,CC1(C)CCC(CN2CCN(c3ccc(C(=O)NS(=O)(=O)c4cc(F)c(F)c(OCC5(F)CCOCC5)c4)c(Oc4cnc5[nH]ccc5c4)c3)CC2)=C(c2ccc(Cl)cc2)C1,2
1209,CC1(C)CCC(CC2CCN(c3ccc(C(=O)NS(=O)(=O)c4ccc(NCC5CCOCC5)c([N+](=O)[O-])c4)c(Oc4cnc5[nH]ccc5c4)c3)CC2)C(c2ccc(Cl)cc2)C1,2
1210,O=C(NS(=O)(=O)c1ccc(NCCSc2ccccc2)c([N+](=O)[O-])c1)c1ccc(C(=O)c2ccccc2)cc1,2
1211,CN(C)CCCC(O)(c1ccccc1)c1cccc(OCCc2ccc(-c3ccc(C(=O)O)cc3)cc2)c1,2
1212,O=C(NS(=O)(=O)c1cnc(OCC2(F)CCOCC2)c(Cl)c1)c1ccc(N2CCC(F)(Cc3ccccc3-c3ccc(Cl)cc3)CC2)cc1Oc1cnc2[nH]ccc2c1,2
1213,CC1(C)CCC(CN2CCN(c3ccc(C(=O)NS(=O)(=O)c4ccc(NCc5ccc(OC(F)F)cc5)c([N+](=O)[O-])c4)c(Oc4cnc5[nH]ccc5c4)c3)CC2)=C(c2ccc(Cl)cc2)C1,2
1214,CN(C)CCCNc1ccc(S(=O)(=O)NC(=O)c2ccc(N3CCN(CC4=C(c5ccc(Cl)cc5)CC(C)(C)CC4)CC3)cc2Oc2cccc(Cl)c2)cc1[N+](=O)[O-],2
1215,COc1ccc2c(c1)c(CC(=O)NS(=O)(=O)c1ccc(Cl)c([N+](=O)[O-])c1)c(C)n2-c1ccc(-c2ccccc2)cc1,2
1216,COC1=CC(c2cc3ccccc3[nH]2)=N/C1=C\c1[nH]c(C)cc1C,2
1217,CN1CCN(Nc2ccc(S(=O)(=O)NC(=O)c3ccc(N4CCN(CC5=C(c6ccc(Cl)cc6)CC(C)(C)CC5)CC4)cc3Oc3ccc(O)cc3Cl)cc2[N+](=O)[O-])CC1,2
1218,CC1(C)CCC(CN2CCN(c3ccc(C(=O)NS(=O)(=O)c4ccc(NC5CCN(C6CC6)CC5)c([N+](=O)[O-])c4)c(Oc4ccccc4Cl)c3)CC2)=C(c2ccc(Cl)cc2)C1,2
1219,CC1(C)CCC(CN2CCN(c3ccc(C(=O)NS(=O)(=O)c4ccc(NN5CCN(C6COC6)CC5)c([N+](=O)[O-])c4)c(Oc4cnc5[nH]ccc5c4)c3)CC2)=C(c2ccc(Cl)cc2)C1,2
1220,CC1(C)CCC(CN2CCN(c3ccc(C(=O)NS(=O)(=O)c4cnc(OCC5CCC(F)(F)CC5)c(Cl)c4)c(Oc4cnc5[nH]ccc5c4)c3)CC2)=C(c2ccc(Cl)cc2)C1,2
1221,C[C@@H](C(=O)N1CCOCC1)N1C(=O)/C(=C/c2ccc(Br)cc2)SC1=S,2
1222,COC1CCC(CNc2ccc(S(=O)(=O)NC(=O)c3ccc(N4CCN(CC5=C(c6ccc(Cl)cc6)CC(C)(C)CC5)CC4)cc3Oc3cnc(N)c(Br)c3)cc2[N+](=O)[O-])CC1,2
1223,CC(C)(C)c1ccc(C(O)(CCN2CCOCC2)c2ccc(Cl)c(CCOc3ccc(-c4ccc(C(=O)O)cc4)cc3)c2)cc1,2
1224,CN1CCC(Nc2ccc(S(=O)(=O)NC(=O)c3ccc(N4CCN(CC5=C(c6ccc(Cl)cc6)CC(C)(C)CC5)CC4)cc3Oc3cccc(O)c3Cl)cc2[N+](=O)[O-])CC1,2
1225,CC1(C)CCC(CN2CCN(c3ccc(C(=O)NS(=O)(=O)c4ccc(NC5CCC(N6CCOCC6)CC5)c([N+](=O)[O-])c4)c(Oc4cc5cc[nH]c5cc4Cl)c3)CC2)=C(c2ccc(Cl)cc2)C1,2
1226,CC1(C)CCC(CN2CCN(c3ccc(C(=O)NS(=O)(=O)c4ccc(OCC5CCN(C6COC6)CC5)c(Cl)c4)c(Oc4cnc5[nH]ccc5c4)c3)CC2)=C(c2ccc(Cl)cc2)C1,2
1227,CN(C)CC[C@H](CSc1ccccc1)Nc1ccc(S(=O)(=O)NC(=O)c2ccc(N3CCN(Cc4ccccc4S(C)(=O)=O)CC3)cc2)cc1[N+](=O)[O-],2
1228,N#CC1=C2C(=NC1=O)c1cccc3c(N4CCSCC4)ccc2c13,2
1229,CC1(C)CCC(CN2CCN(c3ccc(C(=O)NS(=O)(=O)c4ccc(NC5CCN(C6CCOCC6)CC5)c([N+](=O)[O-])c4)c(Oc4c(F)cccc4Cl)c3)CC2)=C(c2ccc(Cl)cc2)C1,2
1230,COc1cc2[nH]ccc2cc1Oc1cc(N2CCN(CC3=C(c4ccc(Cl)cc4)CC(C)(C)CC3)CC2)ccc1C(=O)NS(=O)(=O)c1ccc(NC2CCN(C3CCOCC3)CC2)c([N+](=O)[O-])c1,2
1231,CC1(C)CCC(CN2CCN(c3ccc(C(=O)NS(=O)(=O)c4ccc(OCC5(F)CCOCC5)c(S(=O)(=O)C(F)(F)F)c4)c(Oc4cnc(N)c(Cl)c4)c3)CC2)=C(c2ccc(Cl)cc2)C1,2
1232,CC(C)(C)c1ccc(C(O)(CCN2CCCC2)c2ccc(Cl)c(CCOc3ccc(-c4ccc(C(=O)O)cc4)cc3)c2)cc1,2
1233,Cc1nc(C)c(-c2cccc(Oc3cc(N4CCN(Cc5ccccc5-c5ccc(Cl)cc5)CC4)ccc3C(=O)NS(=O)(=O)c3ccc(NCCCN4CCOCC4)c([N+](=O)[O-])c3)c2)s1,2
1234,CC1(C)CCC(CN2CCN(c3ccc(C(=O)NS(=O)(=O)c4ccc(N[C@H]5CCN(C6CC6)C5)c([N+](=O)[O-])c4)c(Oc4cnc5[nH]ccc5c4)c3)CC2)=C(c2ccc(Cl)cc2)C1,2
1235,Cc1cc(OCCCc2c(C(=O)O)[nH]c3ccccc23)cc(C)c1Cl,2
1236,Cc1cc(C)n2nc(S(=O)(=O)NC(=O)c3ccc(N4CCN(CC5=C(c6ccc(Cl)cc6)CC(C)(C)CC5)CC4)cc3Oc3cccc(Cl)c3)nc2n1,2
1237,CC1(C)CCC(CN2CCN(c3ccc(C(=O)NS(=O)(=O)c4ccc(NCC5CCOCC5)c([N+](=O)[O-])c4)c(Oc4ccnc(N)c4)c3)CC2)=C(c2ccc(Cl)cc2)C1,2
1238,Cc1cc(Oc2ccc(Cn3nc4ccc(Cl)cc4c3C(=O)NS(=O)(=O)c3ccc([N+](=O)[O-])c(NCc4ccn(C)n4)c3)cc2)cc(C)c1Cl,2
1239,CC1(C)CCC(CN2CCN(c3ccc(C(=O)NS(=O)(=O)c4ccc(NCC5CCOCC5)c([N+](=O)[O-])c4)c(Oc4ccc(NS(C)(=O)=O)nc4)c3)CC2)=C(c2ccc(Cl)cc2)C1,2
1240,CC1(C)CCC(CN2CCN(c3ccc(C(=O)NS(=O)(=O)c4ccc(OCC5CCOCC5)c([N+](=O)[O-])c4)c(Oc4cnc(N)c(Cl)c4)c3)CC2)=C(c2ccc(Cl)cc2)C1,2
1241,O=C(NS(=O)(=O)c1ccc(Cl)cc1)[C@H](Cc1ccccc1)N1C(=O)/C(=C/c2ccc(-c3ccccc3)cc2)SC1=S,2
1242,COc1cccc(/C=C/C(=O)Nc2ccc(C(=O)NS(=O)(=O)c3ccc(NCCSc4ccccc4)c([N+](=O)[O-])c3)cc2)c1,2
1243,CN(C)CC[C@H](CSc1ccccc1)Nc1ccc(S(=O)(=O)NC(=O)c2ccc(N3CCC4(CC3)CC(c3ccccc3)=NO4)cc2)cc1[N+](=O)[O-],2
1244,CC1(C)CCC(CN2CCN(c3ccc(C(=O)NS(=O)(=O)c4ccc(NC5CCN(CCc6ccccc6)CC5)c([N+](=O)[O-])c4)c(Oc4cccc(Cl)c4)c3)CC2)=C(c2ccc(Cl)cc2)C1,2
1245,CC1(C)CCC(CN2CCN(c3ccc(C(=O)NS(=O)(=O)c4ccc(NCC5CCOCC5)c([N+](=O)[O-])c4)c(Oc4ccc(NC5CC5)nc4)c3)CC2)=C(c2ccc(Cl)cc2)C1,2
1246,CC1(C)CCC(CN2CCN(c3ccc(C(=O)NS(=O)(=O)c4cc(F)c(NCC5CCOCC5)c(Cl)c4)c(Oc4cnc5[nH]ccc5c4)c3)CC2)=C(c2ccc(Cl)cc2)C1,2
1247,O=C(O)c1ccc(-c2ccc(OCCc3cc(C(O)(CCN4CCOCC4)c4ccc(Cl)cc4)ccc3Cl)cc2)cc1,2
1248,NC[C@@H]1Cc2ccccc2CN1C(=O)c1cc2c(cc1-c1cc(C(=O)N(c3ccccc3)c3ccc(O)cc3)c3n1CCCC3)OCO2,2
1249,CC(C)C[C@@H](C(=O)O)N1C(=O)C(=C(c2ccccc2)c2ccccc2)SC1=S,2
1250,CC1(C)CCC(CN2CCN(c3ccc(C(=O)NS(=O)(=O)c4ccc(NC5CCC(N6CCOCC6)CC5)c([N+](=O)[O-])c4)c(Oc4cc5cc[nH]c5c(F)c4F)c3)CC2)=C(c2ccc(Cl)cc2)C1,2
1251,Cc1c(C(=O)O)c(-c2cccc(N3CCN(c4ccc(NS(=O)(=O)c5ccc(N[C@H](CCN6CCC6)CSc6ccccc6)c(S(=O)(=O)C(F)(F)F)c5)cc4)CC3)c2)c(-c2ccc(Cl)cc2)n1C,2
1252,CN1CCN(Nc2ccc(S(=O)(=O)NC(=O)c3ccc(N4CCN(CC5=C(c6ccc(Cl)cc6)CC(C)(C)CC5)CC4)cc3Oc3cccc4[nH]cc(Cl)c34)cc2[N+](=O)[O-])CC1,2
1253,CCn1c(C)c(C(=O)O)c(-c2cccc(N3CCN(c4ccc(NS(=O)(=O)c5ccc(N[C@H](CCN6CCC(O)CC6)CSc6ccccc6)c(S(=O)(=O)C(F)(F)F)c5)cc4)CC3)c2)c1-c1ccc(Cl)cc1,2
1254,CCCCCC(=O)N[C@@H](Cc1ccc(OCc2ccc(-c3ccccc3)cc2)cc1)C(=O)NS(=O)(=O)c1ccc(Cl)c([N+](=O)[O-])c1,2
1255,O=C(Nc1nc2ccccc2s1)c1cccc2c1CN(c1nc(C(=O)O)c(CCCOc3ccc(-n4cccn4)cc3)s1)CC2,2
1256,CC1(C)CCC(CN2CCN(c3ccc(C(=O)NS(=O)(=O)c4ccc(NCC5CCOCC5)c([N+](=O)[O-])c4)c(Oc4ccc(NCC(F)(F)F)nc4)c3)CC2)=C(c2ccc(Cl)cc2)C1,2
1257,CCc1sc2ncnc(N[C@H](C)C(=O)O)c2c1-c1cccc(Oc2ccc(F)cc2)c1,2
1258,CC1(C)CCC(CN2CCN(c3ccc(C(=O)NS(=O)(=O)c4ccc5ccccc5c4)c(Oc4cnc5[nH]ccc5c4)c3)CC2)=C(c2ccc(Cl)cc2)C1,2
1259,O=C(/C=C/c1ccc(Cl)cc1)Nc1ccc(C(=O)NS(=O)(=O)c2ccc(NCCSc3ccccc3)c([N+](=O)[O-])c2)cc1,2
1260,Cc1n[nH]c2cccc(Oc3cc(N4CCN(CC5=C(c6ccc(Cl)cc6)CC(C)(C)CC5)CC4)ccc3C(=O)NS(=O)(=O)c3ccc(NCCCN4CCOCC4)c([N+](=O)[O-])c3)c12,2
1261,CN(C)C1CCC(Nc2ccc(S(=O)(=O)NC(=O)c3ccc(N4CCN(CC5=C(c6ccc(Cl)cc6)CC(C)(C)CC5)CC4)cc3Oc3cccc(Cl)c3)cc2[N+](=O)[O-])CC1,2
1262,CCc1sc2ncnc(N[C@@H](C)C(=O)O)c2c1CC,2
1263,CC1(C)CCC(CN2CCN(c3ccc(C(=O)NS(=O)(=O)c4ccc(NC5CCOCC5)c([N+](=O)[O-])c4)c(Oc4cc5cc[nH]c5cc4F)c3)CC2)=C(c2ccc(Cl)cc2)C1,2
1264,COCC(C)(C)CNc1ccc(S(=O)(=O)NC(=O)c2ccc(N3CCN(CC4=C(c5ccc(Cl)cc5)CC(C)(C)CC4)CC3)cc2Oc2cnc3[nH]ccc3c2)cc1[N+](=O)[O-],2
1265,CNC(=O)c1cc2ccc(OCc3ccccc3C(=O)O)cc2n1CCCOc1cc(C)c(Cl)c(C)c1,2
1266,CN(C)CC[C@H](CSc1ccccc1)Nc1ccc(S(=O)(=O)NC(=O)c2ccc(N3CCN(Cc4ccccc4)CC3)cc2)cc1[N+](=O)[O-],2
1267,COc1c(Cc2ccccc2C(C)C)cc(C(=O)Nc2ccc(S(=O)(=O)c3ccccc3C(C)(C)C)cc2)c(OC)c1OC,2
1268,O=C(Nc1nc2ccccc2s1)c1cccc2c1CN(c1nc(C(=O)O)c(CCCOc3cccc(-n4ncc5cncnc54)c3)s1)CC2,2
1269,CN1CCC(Nc2ccc(S(=O)(=O)NC(=O)c3ccc(N4CCN(CC5=C(c6ccc(Cl)cc6)CC(C)(C)CC5)CC4)cc3Oc3cccc(CO)c3)cc2[N+](=O)[O-])CC1,2
1270,CC(O)(c1ccc(Cl)cc1)c1ccc(Cl)c(CCOc2ccc(-c3ccc(C(=O)O)cc3)cc2)c1,2
1271,Cc1nsc(S(=O)(=O)NC(=O)c2ccc(N3CCN(Cc4ccccc4-c4ccc(Cl)cc4)CC3)cc2)c1Cl,2
1272,CN1CC[C@@H](Nc2ccc(S(=O)(=O)NC(=O)c3ccc(N4CCN(CC5=C(c6ccc(Cl)cc6)CC(C)(C)CC5)CC4)cc3Oc3cccc(Cl)c3)cc2[N+](=O)[O-])C1,2
1273,COc1cc(CCCN2CCOCC2)ccc1-c1ccc(C(=O)NS(=O)(=O)c2ccc(N[C@H](CCN3CCOCC3)CSc3ccccc3)c([N+](=O)[O-])c2)cc1,2
1274,Cc1cc(Oc2cc(N3CCN(CC4=C(c5ccc(Cl)cc5)CC(C)(C)CC4)CC3)ccc2C(=O)NS(=O)(=O)c2ccc(NCC3CCOCC3)c([N+](=O)[O-])c2)cnc1N,2
1275,CC1(C)CCC(CN2CCN(c3ccc(C(=O)NS(=O)(=O)c4ccc(NC5CCN(C6CCOCC6)CC5)c([N+](=O)[O-])c4)c(Oc4ccc(O)cc4Cl)c3)CC2)=C(c2ccc(Cl)cc2)C1,2
1276,CC(C)=CCC[C@H](C)[C@@H]1C=C[C@]2(C(=O)O)[C@@H](CC(C)=C[C@H]2/C=C(\C)[C@H]2CC[C@H](C(=O)O)CC2)C1,2
1277,C=C(c1ccc(C(=O)Nc2ccc(C(=O)NS(=O)(=O)c3ccc(NCCSc4ccccc4)c([N+](=O)[O-])c3)cc2)cc1)c1cc2c(cc1C)C(C)(C)CCC2(C)C,2
1278,O=C(NS(=O)(=O)c1ccc(NCCCN2CCOCC2)c([N+](=O)[O-])c1)c1ccc(N2CCN(Cc3ccccc3-c3ccc(Cl)cc3)CC2)cc1Oc1ccc2[nH]ccc2c1,2
1279,COc1ccc2c(c1)c(CC(=O)N[C@@H](Cc1ccc(OCc3ccc(Br)cc3)cc1)C(=O)NS(=O)(=O)c1ccc(Cl)c([N+](=O)[O-])c1)c(C)n2C(=O)c1ccc(Cl)cc1,2
1280,CN(C)CCOc1cccc(Oc2cc(N3CCN(Cc4ccccc4-c4ccc(Cl)cc4)CC3)ccc2C(=O)NS(=O)(=O)c2ccc(NCC3CCOCC3)c([N+](=O)[O-])c2)c1,2
1281,COCCN1CCCC(CNc2ccc(S(=O)(=O)NC(=O)c3ccc(N4CCN(CC5=C(c6ccc(Cl)cc6)CC(C)(C)CC5)CC4)cc3Oc3cnc4[nH]ccc4c3)cc2[N+](=O)[O-])C1,2
1282,CC1(C)CCC(CN2CCN(c3ccc(C(=O)NS(=O)(=O)c4cnc(OCCN5CCOCC5)c(C#N)c4)c(Oc4cc5cc[nH]c5cc4F)c3)CC2)=C(c2ccc(Cl)cc2)C1,2
1283,O=C([C@@H]1[C@@H](CO)[C@@H]2Cn3c(cccc3=O)[C@@H]2N1Cc1ccc(Cl)c(Cl)c1)N1CCC(c2ccc(F)cc2)CC1,2
1284,O=C(NS(=O)(=O)c1csc(C(F)(F)F)c1-c1ccccc1)c1ccc(N2CCN(Cc3ccccc3-c3ccc(Cl)cc3)CC2)cc1,2
1285,O=C(NS(=O)(=O)c1ccc(NCC2CCOCC2)c([N+](=O)[O-])c1)c1ccc(N2CCN(Cc3ccccc3-c3ccc(Cl)cc3)CC2)cc1Oc1ccc(OCCN2CCOCC2)cc1,2
1286,CN1CCC(Nc2ccc(S(=O)(=O)NC(=O)c3ccc(N4CCN(CC5=C(c6ccc(Cl)cc6)CC(C)(C)CC5)CC4)cc3Oc3ccccc3Cl)cc2S(=O)(=O)C(F)(F)F)CC1,2
1287,C#Cc1cc(S(=O)(=O)NC(=O)c2ccc(N3CCN(CC4=C(c5ccc(Cl)cc5)CC(C)(C)CC4)CC3)cc2Oc2cnc3[nH]ccc3c2)cnc1OCC1CCOCC1,2
1288,CC1=NN(c2nc(-c3ccccc3)cs2)C(=O)/C1=C/C(c1ccccc1)c1ccccc1,2
1289,O=C(/C=C/c1ccccc1)Nc1ccc(C(=O)NS(=O)(=O)c2ccc(NCCSc3ccccc3)c([N+](=O)[O-])c2)cc1,2
1290,CC1=NN(c2nc(-c3ccccc3)cs2)C(=O)/C1=C/c1ccc2ccccc2c1,2
1291,O=C(O)c1sc2ccccc2c1CCCOc1cccc2ccccc12,2
1292,O=C(O)c1ccc(COc2ccc(/C=C3\SC(=S)N(c4ccc(Br)cc4)C3=O)cc2)cc1,2
1293,CC1(C)CCC(CN2CCN(c3ccc(C(=O)NS(=O)(=O)c4ccc(NC5CCN(C6CC6)CC5)c([N+](=O)[O-])c4)c(Oc4cccc(F)c4)c3)CC2)=C(c2ccc(Cl)cc2)C1,2
1294,N#CC1=C(NCCC(=O)NCCOCCO)c2ccc(Sc3ccc(Br)cc3)c3cccc(c23)C1=O,2
1295,COc1ccccc1/C=C/C(=O)Nc1ccc(C(=O)NS(=O)(=O)c2ccc(NCCSc3ccccc3)c([N+](=O)[O-])c2)cc1,2
1296,CC1(C)CCN(c2ccc(C(=O)NS(=O)(=O)c3ccc(NC(C)(C)CSc4ccccc4)c([N+](=O)[O-])c3)cc2)CC1,2
1297,CN(C)CC[C@H](CSc1ccccc1)Nc1ccc(S(=O)(=O)NC(=O)c2ccc(N3CCN(Cc4ccccc4-c4cccnc4)CC3)cc2)cc1[N+](=O)[O-],2
1298,CC(C)(C)OC(=O)N1C[C@@H](Oc2ccc(-c3ccc(Cl)cc3)cc2)C[C@H]1C(=O)N[C@@H](Cc1ccc(Br)cc1)C(=O)NS(=O)(=O)c1ccc(Cl)c([N+](=O)[O-])c1,2
1299,O=C1c2ccccc2C(=O)c2c(O)cc(O)cc21,2
1300,CC1(C)CCN(c2ccc(C(=O)NS(=O)(=O)c3ccc(N[C@H](CCCCN)CSc4ccccc4)c([N+](=O)[O-])c3)cc2)CC1,2
1301,O=C(NS(=O)(=O)c1ccc(NCCCN2CCOCC2)c([N+](=O)[O-])c1)c1ccc(N2CCN(Cc3ccccc3-c3ccc(Cl)cc3)CC2)cc1Oc1cccc(OCc2ccccc2)c1,2
1302,CC1(C)CCC(CN2CCN(c3ccc(C(=O)NS(=O)(=O)c4ccc(NC5CCC6(CC5)OCCO6)c([N+](=O)[O-])c4)c(Oc4cnc5[nH]ccc5c4)c3)CC2)=C(c2ccc(Cl)cc2)C1,2
1303,O=C(O)c1c(CCCOc2cccc3ccccc23)c2cccc3c2n1CCS3,2
1304,Cc1cc(OCCCc2c3n(c4c(-c5c(C)nn(C)c5C)c(Cl)ccc24)CCCN(c2cc(C(=O)O)c4ccn(C)c4c2)C3=O)cc(C)c1Cl,2
1305,CC1(C)CCC(CN2CCN(c3ccc(C(=O)NS(=O)(=O)c4cnc(OC[C@@H]5CCN(CC(F)F)C5)c(Cl)c4)c(Oc4cnc(N)c(Cl)c4)c3)CC2)=C(c2ccc(Cl)cc2)C1,2
1306,COc1cccc(COc2ccc(C[C@H](NC(=O)Cc3c(C)n(C(=O)c4ccc(Cl)cc4)c4ccc(OC)cc34)C(=O)NS(=O)(=O)c3ccc(Cl)c([N+](=O)[O-])c3)cc2)c1,2
1307,Cc1ccc(CC(=O)N[C@@H](Cc2ccc(OCc3ccc(-c4ccccc4)cc3)cc2)C(=O)NS(=O)(=O)c2ccc(NCCCc3ccccc3)c([N+](=O)[O-])c2)cc1,2
1308,CC1(C)CCC(CN2CCN(c3ccc(C(=O)NS(=O)(=O)c4cnc(OCC5CCC(N(C6CC6)C6COC6)CC5)c(Cl)c4)c(Oc4cnc5[nH]ccc5c4)c3)CC2)=C(c2ccc(Cl)cc2)C1,2
1309,COCCOc1ncc(S(=O)(=O)NC(=O)c2ccc(N3CCN(CC4=C(c5ccc(Cl)cc5)CC(C)(C)CC4)CC3)cc2Oc2cnc3[nH]ccc3c2)cc1Cl,2
1310,O=C(NS(=O)(=O)c1ccc(Cl)c([N+](=O)[O-])c1)[C@H](Cc1ccccc1)N1C(=O)N[C@@H](Cc2ccc(-c3ccc(Cl)cc3)cc2)C1=O,2
1311,CN1CCC(F)(COc2ccc(S(=O)(=O)NC(=O)c3ccc(N4CCN(CC5=C(c6ccc(Cl)cc6)CC(C)(C)CC5)CC4)cc3Oc3cnc4[nH]ccc4c3)cc2S(=O)(=O)C(F)(F)F)CC1,2
1312,CC(C)N1CCC(Nc2ccc(S(=O)(=O)NC(=O)c3ccc(N4CCN(CC5=C(c6ccc(Cl)cc6)CC(C)(C)CC5)CC4)cc3Oc3ccccc3Cl)cc2[N+](=O)[O-])CC1,2
1313,O=C(c1cc(-c2cc3c(cc2C(=O)N2Cc4ccccc4C[C@H]2CN2CCOCC2)OCO3)n2c1CCCC2)N(c1ccccc1)c1ccc(O)cc1,2
1314,CN1CCC(Nc2ccc(S(=O)(=O)NC(=O)c3ccc(N4CCN(CC5=C(c6ccc(Cl)cc6)CC(C)(C)CC5)CC4)cc3Oc3cccc(F)c3Cl)cc2[N+](=O)[O-])CC1,2
1315,CC(C)(C)OC(=O)N[C@@H](Cc1ccc(OCc2ccc(-c3ccccc3)cc2)cc1)C(=O)NS(=O)(=O)c1ccccc1,2
1316,O=C(NS(=O)(=O)c1ccc(Cl)c([N+](=O)[O-])c1)[C@H](Cc1ccccc1)N1C(=O)/C(=C/c2ccc(-c3ccc(Cl)cc3)cc2)SC1=S,2
1317,CC1(C)CCC(CN2CCN(c3ccc(C(=O)NS(=O)(=O)c4cnc(OCC(C)(CO)CO)c(Cl)c4)c(Oc4cnc5[nH]ccc5c4)c3)CC2)=C(c2ccc(Cl)cc2)C1,2
1318,O=C(O)CSc1cc(NS(=O)(=O)c2ccc(-c3ccccc3)cc2)c2ccccc2c1O,2
1319,CC1(C)CCC(CN2CCN(c3ccc(C(=O)NS(=O)(=O)c4ccc(NCC5CCC(C)(O)CC5)c([N+](=O)[O-])c4)c(Oc4cnc5[nH]ccc5c4)c3)CC2)=C(c2ccc(Cl)cc2)C1,2
1320,COc1cc(CCCN2CCOCC2)ccc1-c1ccc(C(=O)NS(=O)(=O)c2ccc(N[C@@H](CSc3ccccc3)CC(=O)N(C)C)c([N+](=O)[O-])c2)cc1,2
1321,COc1cc(CCCN2CCOCC2)ccc1-c1ccc(C(=O)NS(=O)(=O)c2ccc(N[C@H](CCCN(C)C)CSc3ccccc3)c([N+](=O)[O-])c2)cc1,2
1322,Cc1cc(OCCCc2c(C(=O)O)n3c4c(c(Cl)ccc24)CCC3)cc(C)c1Cl,2
1323,COc1ccc2c(c1)c(CC(=O)N[C@@H](Cc1c[nH]c3ccccc13)C(=O)NS(=O)(=O)c1ccc(Cl)c([N+](=O)[O-])c1)c(C)n2-c1ccc(-c2ccccc2)cc1,2
1324,CN1CCC(Nc2ccc(S(=O)(=O)NC(=O)c3ccc(N4CCN(CC5=C(c6ccc(Cl)cc6)CC(C)(C)CC5)CC4)cc3Oc3cccc(F)c3)cc2[N+](=O)[O-])CC1,2
1325,CN(C)CCCNc1ccc(S(=O)(=O)NC(=O)c2ccc(N3CCN(Cc4ccccc4-c4ccc(Cl)cc4)CC3)cc2Oc2ccc3[nH]cc(CCC(=O)N4CCOCC4)c3c2)cc1[N+](=O)[O-],2
1326,O=C(O[C@H]1Cc2c(O)cc(O)cc2O[C@@H]1c1ccc(O)c(O)c1)c1cc(O)c(O)c(O)c1,2
1327,CNC(=O)c1cccc(Oc2cc(N3CCN(Cc4ccccc4-c4ccc(Cl)cc4)CC3)ccc2C(=O)NS(=O)(=O)c2ccc(NCCCN3CCOCC3)c([N+](=O)[O-])c2)c1,2
1328,COc1cc(CN(C)C)ccc1-c1ccc(C(=O)NS(=O)(=O)c2ccc(NCCSc3ccccc3)c([N+](=O)[O-])c2)cc1,2
1329,O=C(O)CCc1cc(NS(=O)(=O)c2ccc(Br)cc2)c2ccccc2c1O,2
1330,Cc1cc(OCCCc2c3n(c4c(-c5c(C)nn(C)c5C)c(Cl)ccc24)[C@H](C)CN(c2cn(C)c4ccc(C(=O)O)cc24)C3=O)cc(C)c1Cl,2
1331,O=C(NS(=O)(=O)c1ccc(NCC2CCOCC2)c([N+](=O)[O-])c1)c1ccc(N2CCN(Cc3ccccc3-c3ccc(Cl)cc3)CC2)cc1Oc1ccc2[nH]cc(CCCN3CCOCC3)c2c1,2
1332,CC1(C)CCC(CN2CCN(c3ccc(C(=O)NS(=O)(=O)c4ccc(NCC5CCOCC5)c(S(=O)(=O)C(F)(F)F)c4)c(Oc4cnc5[nH]ccc5c4)c3)CC2)=C(c2ccc(Cl)cc2)C1,2
1333,CC1(C)CCC(CN2CCN(c3ccc(C(=O)NS(=O)(=O)c4ccc(NCCCN5CCOCC5)c([N+](=O)[O-])c4)c(Oc4cccc(F)c4F)c3)CC2)=C(c2ccc(Cl)cc2)C1,2
1334,CN1CCC(Nc2ccc(S(=O)(=O)NC(=O)c3ccc(N4CCN(CC5=C(c6ccc(Cl)cc6)CC(C)(C)CC5)CC4)cc3Oc3cc4cc[nH]c4c(F)c3F)cc2[N+](=O)[O-])CC1,2
1335,CC1(C)CCC(CN2CCN(c3ccc(C(=O)NS(=O)(=O)c4ccc(NCC5CCOCC5)c([N+](=O)[O-])c4)c(Oc4cnc(N)c(C5CC5)c4)c3)CC2)=C(c2ccc(Cl)cc2)C1,2
1336,CC1(C)CCC(CN2CCN(c3ccc(C(=O)NS(=O)(=O)c4ccc(NC5CCN(C6COC6)CC5)c([N+](=O)[O-])c4)c(Oc4cnc(N)c(Cl)c4)c3)CC2)=C(c2ccc(Cl)cc2)C1,2
1337,Cc1cc2c(C)c(O)c(O)c(C=O)c2c(O)c1-c1c(C)cc2c(C(C)C)c(O)c(O)c(C=O)c2c1O,2
1338,CN1CCC(Nc2ccc(S(=O)(=O)NC(=O)c3ccc(N4CCN(CC5=C(c6ccc(Cl)cc6)CC(C)(C)CC5)CC4)cc3Oc3ccc4nc(N)sc4c3)cc2[N+](=O)[O-])CC1,2
1339,O=C(NS(=O)(=O)c1ccc([N+](=O)[O-])cc1)[C@H](Cc1c[nH]c2ccccc12)N1C(=O)/C(=C/c2ccc(-c3ccc([N+](=O)[O-])cc3)cc2)SC1=S,2
1340,CC1=NN(c2nc(-c3ccccc3)cs2)C(=O)/C1=C/c1ccc(-c2ccccc2)cc1,2
1341,COc1cc(CCN(C)C)ccc1-c1ccc(C(=O)NS(=O)(=O)c2ccc(NCCSc3ccccc3)c([N+](=O)[O-])c2)cc1,2
1342,CC(C)Oc1ccc(C(=O)Nc2c(C(=O)O)nn(-c3ccc(Oc4ccccc4)cc3)c2-c2ccc(OC(C)C)cc2)cc1,2
1343,CC1(C)CCC(CC2CCN(c3ccc(C(=O)NS(=O)(=O)c4ccc(NCC5CCOCC5)c([N+](=O)[O-])c4)c(Oc4cnc5[nH]ccc5c4)c3)CC2)=C(c2ccc(Cl)cc2)C1,2
1344,COC1(Cc2cccc(Cl)c2)CCN(c2ccc(C(=O)NS(=O)(=O)c3ccc(N[C@H](CCN(C)C)CSc4ccccc4)c([N+](=O)[O-])c3)cc2)CC1,2
1345,O=C(O)c1ccc(COc2ccc(/C=C3\SC(=S)N(c4cccc([N+](=O)[O-])c4)C3=O)cc2)cc1,2
1346,COCCNC(=O)[C@H]1[C@H](CO)[C@H]2Cn3c(cccc3=O)[C@@H]1N2c1nc(-c2ccc(Cl)cc2)c(-c2ccccc2)s1,2
1347,CN(C)CC[C@H](CSc1ccccc1)Nc1ccc(S(=O)(=O)NC(=O)c2ccc(N3CCC(=Cc4ccccc4F)CC3)cc2)cc1[N+](=O)[O-],2
1348,CC1(C)CCC(CN2CCN(c3ccc(C(=O)NS(=O)(=O)c4ccc(NN5CCS(=O)(=O)CC5)c([N+](=O)[O-])c4)c(Oc4cnc5[nH]ccc5c4)c3)CC2)=C(c2ccc(Cl)cc2)C1,2
1349,O=c1c(O)cccc2c([C@H]3Oc4cc(O)cc(O)c4C[C@H]3O)cc(O)c(O)c12,2
1350,CC1=C(C2=C(C)C(=O)c3c(cc(O)c(O)c3CCc3ccccc3)C2=O)C(=O)c2cc(O)c(O)c(CCc3ccccc3)c2C1=O,2
1351,CCNS(=O)(=O)c1cccc(-c2nc(N[C@H](C)C(=O)O)c3c(-c4cccc(Oc5ccc(F)cc5)c4)c(CC)sc3n2)c1,2
1352,CC1(C)CCC(CN2CCN(c3cccc4c3CCN(c3ccc(C(=O)NS(=O)(=O)c5ccc(NCC6CCOCC6)c([N+](=O)[O-])c5)c(OC(=O)OC(C)(C)C)c3)C4)CC2)=C(c2ccc(Cl)cc2)C1,2
1353,CC1(C)CCC(CN2CCN(c3ccc(C(=O)NS(=O)(=O)c4ccc(NC5CCN(CCN6CCOCC6)CC5)c([N+](=O)[O-])c4)c(Oc4cccc(Cl)c4)c3)CC2)=C(c2ccc(Cl)cc2)C1,2
1354,CC(C)c1cc(C(=O)N2CCc3ccccc3C2)c(O)c(O)c1O,2
1355,Cc1cc(OCCCc2c3n(c4c(-c5c(C)nn(C)c5C)c(Cl)ccc24)[C@H](C)CN(c2cn(C)c4cc(C(=O)O)ccc24)C3=O)cc(C)c1Cl,2
1356,CCc1sc2ncnc(N[C@@H](C)C(=O)O)c2c1-c1cccc(Oc2ccc(F)cc2)c1,2
1357,CC1(C)CCC(CN2CCN(c3ccc(C(=O)NS(=O)(=O)c4ccc(NCC5CCOCC5)c([N+](=O)[O-])c4)c(Oc4cc5cc[nH]c5c(F)c4F)c3)CC2)=C(c2ccc(Cl)cc2)C1,2
1358,CN(C)CCCNc1ccc(S(=O)(=O)NC(=O)c2ccc(N3CCN(Cc4ccccc4-c4ccc(Cl)cc4)CC3)cc2Oc2ccc(Cl)cc2)cc1[N+](=O)[O-],2
1359,COC1(Cc2ccccc2-c2ccc(Cl)cc2)CCN(c2ccc(C(=O)NS(=O)(=O)c3ccc(NCC4CCOCC4)c([N+](=O)[O-])c3)c(Oc3cnc4[nH]ccc4c3)c2)CC1,2
1360,CC1=C[C@@H](/C=C(\Cl)c2ccc(C(=O)O)cc2)[C@]2(C(=O)O)C=C[C@@H](CCOC(=O)c3ccc(Cl)cc3)C[C@@H]2C1,2
1361,COc1ccc2c(c1)c(CC(=O)N[C@@H](Cc1ccc(OCc3ccc(C)cc3)cc1)C(=O)NS(=O)(=O)c1ccc(Cl)c([N+](=O)[O-])c1)c(C)n2C(=O)c1ccc(Cl)cc1,2
1362,CC1(C)CCC(CN2CCN(c3ccc(C(=O)NS(=O)(=O)c4ccc(NC5CCN(CCCc6ccccc6)CC5)c([N+](=O)[O-])c4)c(Oc4cccc(Cl)c4)c3)CC2)=C(c2ccc(Cl)cc2)C1,2
1363,COc1cccc(Oc2cc(N3CCN(Cc4ccccc4-c4ccc(Cl)cc4)CC3)ccc2C(=O)NS(=O)(=O)c2ccc(NCC3CCOCC3)c([N+](=O)[O-])c2)c1,2
1364,CC(C)N(C)CC[C@H](CSc1ccccc1)Nc1sc(S(=O)(=O)NC(=O)c2ccc(N3CCN(Cc4ccccc4-c4ccc(Cl)cc4)CC3)cc2)cc1[N+](=O)[O-],2
1365,Cc1cc(OCCCc2c3n(c4c(-c5c(C)nn(C)c5C)c(Cl)ccc24)CCCN(c2cn(C)c4ccc(C(=O)O)cc24)C3=O)cc(C)c1Cl,2
1366,CC1(C)CCC(CN2CCN(c3ccc(C(=O)NS(=O)(=O)c4cnc(OC[C@@H]5CN(C6CC6)CCO5)c(Cl)c4)c(Oc4cnc5[nH]ccc5c4)c3)CC2)=C(c2ccc(Cl)cc2)C1,2
1367,Cc1cccc(C)c1N1C(=O)/C(=C/c2ccc(OCc3ccc(C(=O)O)cc3)cc2)SC1=S,2
1368,CC1(C)CCC(CN2CCN(c3ccc(C(=O)NS(=O)(=O)c4ccc(NCC5COCCO5)c([N+](=O)[O-])c4)c(Oc4cnc(N)c(Br)c4)c3)CC2)=C(c2ccc(Cl)cc2)C1,2
1369,CC1(C)CCC(CN2CCN(c3ccc(C(=O)NS(=O)(=O)c4ccc(NCC5(N6CCOCC6)CCCCC5)c([N+](=O)[O-])c4)c(Oc4cnc5[nH]ccc5c4)c3)CC2)=C(c2ccc(Cl)cc2)C1,2
1370,CC1(C)CCC(CN2CCN(c3ccc(C(=O)NS(=O)(=O)c4cnc(O[C@@H]5CCN(CC(F)F)C5)c(Cl)c4)c(Oc4cnc5[nH]ccc5c4)c3)CC2)=C(c2ccc(Cl)cc2)C1,2
1371,CC1(C)CCC(CN2CCN(c3ccc(C(=O)NS(=O)(=O)c4cnc(OCC5COCCO5)c(C#N)c4)c(Oc4cc5cc[nH]c5cc4F)c3)CC2)=C(c2ccc(Cl)cc2)C1,2
1372,CC1(C)CCC(CN2CCN(c3ccc(C(=O)NS(=O)(=O)c4cnc(OCC5(F)CCOCC5)c(C#N)c4)c(Oc4cc5cc[nH]c5cc4F)c3)CC2)=C(c2ccc(Cl)cc2)C1,2
1373,CN1CCC(CNc2ccc(S(=O)(=O)NC(=O)c3ccc(N4CCN(CC5=C(c6ccc(Cl)cc6)CC(C)(C)CC5)CC4)cc3Oc3cccc(Cl)c3)cc2[N+](=O)[O-])CC1,2
1374,CN(C)CC[C@H](CSc1ccccc1)Nc1ccc(S(=O)(=O)NC(=O)c2ccc(N3CCC(=Cc4ccccc4C(F)(F)F)CC3)cc2)cc1[N+](=O)[O-],2
1375,CN1CCC(Nc2ccc(S(=O)(=O)NC(=O)c3ccc(N4CCN(CC5=C(c6ccc(Cl)cc6)CC(C)(C)CC5)CC4)cc3Oc3cnc(N)c(Cl)c3)cc2S(=O)(=O)C(F)(F)F)CC1,2
1376,CCCC[C@H]1C(=O)O[C@H](C)[C@H](NC(=O)c2cccc(NC=O)c2O)C(=O)O[C@@H](C)[C@@H]1OC(=O)CC(C)C,2
1377,CC1=C[C@@H](/C=C(\Cl)c2ccc(C(=O)O)cc2)[C@]2(C(=O)O)C=C[C@@H](CCOC(=O)Nc3cccc(Br)c3)C[C@@H]2C1,2
1378,Cc1cc2c(c(O)c1-c1c(C)cc3c(c1O)/C(=C/NCCCCC(=O)O)C(=O)C(O)=C3C(C)C)/C(=C/NCCCCC(=O)O)C(=O)C(O)=C2C(C)C,2
1379,CCOC(=O)C1=C(C)N=c2s/c(=C\c3cn(Cc4ccc(-c5ccccc5)cc4)c4ccccc34)c(=O)n2C1c1ccccc1,2
1380,CC1(C)CCC(CN2CCN(c3ccc(C(=O)NS(=O)(=O)c4cnc(NCC5CN(C6CC6)CCO5)c(Cl)c4)c(Oc4cnc5[nH]ccc5c4)c3)CC2)=C(c2ccc(Cl)cc2)C1,2
1381,O=C(NS(=O)(=O)c1ccccc1)[C@H](Cc1ccc(Br)cc1)N1C(=O)/C(=C/c2ccc(-c3ccc([N+](=O)[O-])cc3)cc2)SC1=S,2
1382,CN1CCC(Nc2ccc(S(=O)(=O)NC(=O)c3ccc(N4CCN(CC5=C(c6ccc(Cl)cc6)CC(C)(C)CC5)CC4)cc3Oc3cc(F)c4[nH]ccc4c3)cc2[N+](=O)[O-])CC1,2
1383,Cc1ccccc1/C=C/C(=O)Nc1ccc(C(=O)NS(=O)(=O)c2ccc(NCCSc3ccccc3)c([N+](=O)[O-])c2)cc1,2
1384,CN1CCC(CNc2ccc(S(=O)(=O)NC(=O)c3ccc(N4CCN(CC5=C(c6ccc(Cl)cc6)CC(C)(C)CC5)CC4)cc3Oc3cccc(F)c3F)cc2[N+](=O)[O-])CC1,2
1385,CN1CCN(Nc2ccc(S(=O)(=O)NC(=O)c3ccc(N4CCN(CC5=C(c6ccc(Cl)cc6)CC(C)(C)CC5)CC4)cc3Oc3cnc(N)c(Br)c3)cc2[N+](=O)[O-])CC1,2
1386,O=C(NS(=O)(=O)c1ccc(NCC2CCOCC2)c([N+](=O)[O-])c1)c1ccc(N2CCN(Cc3ccccc3-c3ccc(Cl)cc3)CC2)cc1Oc1ccc2[nH]cc(CCC(=O)N3CCOCC3)c2c1,2
1387,Cc1ccc(-c2ccc(COc3ccc(C[C@H](NC(=O)OC(C)(C)C)C(=O)NS(=O)(=O)c4ccc(NCCOc5ccccc5)c([N+](=O)[O-])c4)cc3)cc2)cc1,2
1388,Cc1c(C(=O)O)c(-c2cccc(N3CCN(c4ccc(NS(=O)(=O)c5ccc(N[C@H](CCN6CCCCC6)CSc6ccccc6)c(S(=O)(=O)C(F)(F)F)c5)cc4)CC3)c2)c(-c2ccc(Cl)cc2)n1C,2
1389,CC1(C)CCC(CN2CCN(c3ccc(C(=O)NS(=O)(=O)c4ccc(NC[C@H]5CCCOC5)c([N+](=O)[O-])c4)c(Oc4cc5cc[nH]c5cc4F)c3)CC2)=C(c2ccc(Cl)cc2)C1,2
1390,CO[C@H]1C[C@H](Nc2ccc(S(=O)(=O)NC(=O)c3ccc(N4CCN5CC6=C(c7ccc(Cl)cc7)CC(C)(C)C[C@H]6OCCCOC[C@@H]5C4)cc3N3CCCOc4nc5[nH]ccc5cc43)cc2[N+](=O)[O-])C1,2
1391,O=C(NCCN1CCCCC1)[C@H]1[C@H](CO)[C@H]2Cn3c(cccc3=O)[C@@H]1N2c1nc(-c2ccc(Cl)cc2)c(-c2ccccc2)s1,2
1392,O=C(/C=C/c1ccc(C(F)(F)F)cc1)Nc1ccc(C(=O)NS(=O)(=O)c2ccc(NCCSc3ccccc3)c([N+](=O)[O-])c2)cc1,2
1393,O=C(O)CSc1cc(NS(=O)(=O)c2ccccc2-c2ccccc2)c2ccccc2c1O,2
1394,CC1(C)CCC(CN2CCN(c3ccc(C(=O)NS(=O)(=O)c4cnc(OC5CCC(N6CCOCC6)CC5)c(Br)c4)c(Oc4cc5cc[nH]c5cc4F)c3)CC2)=C(c2ccc(Cl)cc2)C1,2
1395,CC1(C)CCC(CN2CCN(c3ccc(C(=O)NS(=O)(=O)c4ccc(NCC5CCOCC5)c([N+](=O)[O-])c4)c(Oc4ccc(N)c(Cl)c4)c3)CC2)=C(c2ccc(Cl)cc2)C1,2
1396,CC(c1ccccc1-c1ccc(Cl)cc1)N1CCN(c2ccc(C(=O)NS(=O)(=O)c3ccc(NC4CCN(C)CC4)c([N+](=O)[O-])c3)c(Oc3ccccc3Cl)c2)CC1,2
1397,CC1(C)CCC(CC2CCN(c3ccc(C(=O)NS(=O)(=O)c4ccc(OCC5CCOCC5)c(Cl)c4)c(Oc4cnc5[nH]ccc5c4)c3)CC2)=C(c2ccc(Cl)cc2)C1,2
1398,O=C(NS(=O)(=O)c1ccc(NCCCN2CCOCC2)c([N+](=O)[O-])c1)c1ccc(N2CCN(Cc3ccccc3-c3ccc(Cl)cc3)CC2)cc1Oc1ccc(-c2ccncc2)cc1,2
1399,O=C(NS(=O)(=O)c1ccc(Cl)c([N+](=O)[O-])c1)[C@H](Cc1c[nH]c2ccccc12)N1C(=O)/C(=C/c2ccc(-c3ccc(Cl)cc3)cc2)SC1=S,2
1400,Cc1cc(OCCCc2c3n(c4c(-c5c(C)nn(C)c5C)c(Cl)ccc24)CCCN(c2cn(C)c4cc(C(=O)O)ccc24)C3=O)cc(C)c1Cl,2
1401,CC1(C)CCC(CN2CCN(c3ccc(C(=O)NS(=O)(=O)c4ccc(NCC5CCOCC5)c([N+](=O)[O-])c4)c(Oc4ccc5c(c4)CC(=O)N5)c3)CC2)=C(c2ccc(Cl)cc2)C1,2
1402,CCOc1ccc(-c2c(NC(=O)c3ccc(C(C)(C)C)cc3)c(C(=O)O)nn2-c2ccc(Oc3ccccc3)cc2)cc1,2
1403,COCCNc1ccc(S(=O)(=O)NC(=O)c2ccc(N3CCN(CC4=C(c5ccc(Cl)cc5)CC(C)(C)CC4)CC3)cc2Oc2ccc3[nH]ccc3c2)cc1[N+](=O)[O-],2
1404,CN1CCC(Nc2ccc(S(=O)(=O)NC(=O)c3ccc(N4CCN(CC5=C(c6ccc(Cl)cc6)CC(C)(C)OC5)CC4)cc3Oc3cccc(I)c3)cc2[N+](=O)[O-])CC1,2
1405,CN1CCC(Nc2ccc(S(=O)(=O)NC(=O)c3ccc(N4CCN(CC5=C(c6ccc(Cl)cc6)CC(C)(C)CC5)CC4)cc3Oc3cccc(Cl)c3Cl)cc2[N+](=O)[O-])CC1,2
1406,Cc1c(C(=O)O)c(-c2cccc(N3CCN(c4ccc(NS(=O)(=O)c5ccc(N[C@H](CCN6CCCC6)CSc6ccccc6)c(S(=O)(=O)C(F)(F)F)c5)cc4)CC3)c2)c(-c2ccc(Cl)cc2)n1C,2
1407,O=C(O)c1ccc(-c2ccc(OCCc3cc(C(O)(CCN4CCOCC4)c4ccc(Br)cc4)ccc3Cl)cc2)cc1,2
1408,Cc1cc(Oc2ccc(Cn3nc4ccc(Cl)cc4c3C(=O)NS(=O)(=O)c3ccc(NCCN4CCOCC4)c([N+](=O)[O-])c3)cc2)cc(C)c1Cl,2
1409,Cc1c(S(C)(=O)=O)c(-c2cc(F)cc(N3CCN(c4ccc(NS(=O)(=O)c5ccc(N[C@H](CCN6CCC(O)CC6)CSc6ccccc6)c(S(=O)(=O)C(F)(F)F)c5)cc4)CC3)c2)c(-c2ccc(Cl)cc2)n1C(C)C,2
1410,CN1CCN(Nc2ccc(S(=O)(=O)NC(=O)c3ccc(N4CCN(CC5=C(c6ccc(Cl)cc6)CC(C)(C)CC5)CC4)cc3Oc3cnc4[nH]ccc4c3)cc2[N+](=O)[O-])CC1,2
1411,CCC/C(=C1/SC(=S)N([C@@H](CC(C)C)C(=O)O)C1=O)c1ccccc1,2
1412,CC(C)(C)OC(=O)Nc1cccc(Oc2cc(N3CCN(Cc4ccccc4-c4ccc(Cl)cc4)CC3)ccc2C(=O)NS(=O)(=O)c2ccc(NCC3CCOCC3)c([N+](=O)[O-])c2)c1,2
1413,CC1(C)CCC(CN2CCN(c3ccc(C(=O)NS(=O)(=O)c4cc(Cl)c(NCC5CCOCC5)c(C#N)c4)c(Oc4cnc5[nH]ccc5c4)c3)CC2)=C(c2ccc(Cl)cc2)C1,2
1414,CC1(C)CCC(CN2CCN(c3ccc(C(=O)NS(=O)(=O)c4cnc(OCC5(F)CCN(C(CF)CF)CC5)c(C(F)(F)F)c4)c(Oc4cnc(N)c(Cl)c4)c3)CC2)=C(c2ccc(Cl)cc2)C1,2
1415,CC[C@H](C)[C@H](NC(=O)[C@H](CC(N)=O)NC(=O)[C@H](CCCN=C(N)N)NC(=O)[C@@H](NC(=O)[C@@H](NC(=O)[C@H](CC(=O)O)NC(=O)[C@H](CCC(=O)O)NC(=O)[C@@H](N)CCC(N)=O)[C@@H](C)CC)[C@@H](C)CC)C(=O)N[C@@H](C)C(=O)N[C@@H](CCCN=C(N)N)C(=O)N[C@@H](Cc1c[nH]cn1)C(=O)N[C@@H](CC(C)C)C(=O)N[C@@H](C)C(=O)N[C@@H](CCC(N)=O)C(=O)N[C@H](C(=O)NCC(=O)N[C@@H](CC(=O)O)C(=O)N[C@@H](CO)C(=O)N[C@@H](CCSC)C(=O)N[C@@H](CC(=O)O)C(=O)N[C@@H](CCCN=C(N)N)C(=O)O)C(C)C,2
1416,CN1CCC(Nc2ccc(S(=O)(=O)NC(=O)c3ccc(N4CCN(CC5=C(c6ccc(Cl)cc6)CC(C)(C)CC5)CC4)cc3Oc3ccccc3Br)cc2[N+](=O)[O-])CC1,2
1417,CN1CCN(CCCNC(=O)c2c(-c3ccccc3)c(-c3ccc(Cl)cc3)cn2CC[C@H](O)CO)CC1,2
1418,CN(C)CCCNc1ncnc2c1cnn2-c1ccc(OCCCc2sc(N3CCc4cccc(C(=O)Nc5nc6ccccc6s5)c4C3)nc2C(=O)O)cc1,2
1419,O=C(O)c1c(CCCOc2ccc3c(c2)CCCC3)c2cccc3c2n1CCS3,2
1420,CCOc1ccc(-c2cc(C(=O)O)nn2-c2ccccc2)cc1,2
1421,O=C(NS(=O)(=O)c1ccc(NC2CCOCC2)c([N+](=O)[O-])c1)c1ccc(N2CCN(CC3=C(c4ccc(Cl)cc4)CCOC3)CC2)cc1,2
1422,CSCC[C@@H](C(=O)NS(=O)(=O)c1ccccc1)N1C(=O)/C(=C/c2ccc(-c3ccccc3)cc2)SC1=S,2
1423,CC1(C)CCC(CN2CCN(c3ccc(C(=O)NS(=O)(=O)c4ccc(NCC5CCOCC5)c([N+](=O)[O-])c4)c(Oc4cccc5c4CCN(C(=O)OC(C)(C)C)C5)c3)CC2)=C(c2ccc(Cl)cc2)C1,2
1424,COc1cccc(CNc2ccc(S(=O)(=O)NC(=O)c3ccc(N4CCN(CC5=C(c6ccc(Cl)cc6)CC(C)(C)CC5)CC4)cc3Oc3cnc4[nH]ccc4c3)cc2[N+](=O)[O-])c1,2
1425,Cc1c[nH]c2cccc(Oc3cc(N4CCN(CC5=C(c6ccc(Cl)cc6)CC(C)(C)CC5)CC4)ccc3C(=O)NS(=O)(=O)c3ccc(NCCCN4CCOCC4)c([N+](=O)[O-])c3)c12,2
1426,COCC1(F)CC(CNc2ccc(S(=O)(=O)NC(=O)c3ccc(N4CCN5CC6=C(c7ccc(Cl)cc7)CC(C)(C)C[C@H]6OCCCOC[C@@H]5C4)cc3N3CCCOc4nc5[nH]ccc5cc43)cc2[N+](=O)[O-])C1,2
1427,CO[C@H]1CC[C@H](COc2ncc(S(=O)(=O)NC(=O)c3ccc(N4CCN(CC5=C(c6ccc(Cl)cc6)CC(C)(C)CC5)CC4)cc3Oc3cnc4[nH]ccc4c3)cc2C(F)(F)F)CC1,2
1428,CC1(C)CCC(CN2CCN(c3ccc(C(=O)NS(=O)(=O)c4ccc(NC5CCN(C6CCOCC6)CC5)c([N+](=O)[O-])c4)c(Oc4cccc5[nH]c(C(F)(F)F)cc45)c3)CC2)=C(c2ccc(Cl)cc2)C1,2
1429,CN1CCN(Nc2ccc(S(=O)(=O)NC(=O)c3ccc(N4CCN(CC5=C(c6ccc(Cl)cc6)CC(C)(C)CC5)CC4)cc3Oc3ccc4[nH]cc(CCN)c4c3)cc2[N+](=O)[O-])CC1,2
1430,CC1(C)CCC(CN2CCN(c3ccc(C(=O)NS(=O)(=O)c4cnc5c(c4)nnn5CC4CCOCC4)c(Oc4cnc5[nH]ccc5c4)c3)CC2)=C(c2ccc(Cl)cc2)C1,2
1431,CCOC(=O)N1CCN(c2ccc(S(=O)(=O)NC(=O)c3ccc(N4CCN(CC5=C(c6ccc(Cl)cc6)CC(C)(C)CC5)CC4)cc3Oc3cnc4[nH]ccc4c3)cc2[N+](=O)[O-])CC1,2
1432,Cc1cc(C)n2nc(S(=O)(=O)NC(=O)c3ccc(N4CCN(Cc5ccccc5-c5ccc(Cl)cc5)CC4)cc3)nc2n1,2
1433,Cc1ccccc1CN1CCN(c2ccc(C(=O)NS(=O)(=O)c3ccc(N[C@H](CCN(C)C)CSc4ccccc4)c([N+](=O)[O-])c3)cc2)CC1,2
1434,CC1(C)CCC(CN2CCN(c3ccc(C(=O)NS(=O)(=O)c4ccc(NN5CCOCC5)c([N+](=O)[O-])c4)c(Oc4cc5cc[nH]c5cc4F)c3)CC2)=C(c2ccc(Cl)cc2)C1,2
1435,O=C(NCCNS(=O)(=O)c1cc(-c2ccccc2Oc2ccc(O)c(O)c2)cs1)Nc1cc(Cl)cc(Cl)c1,2
1436,CN1CCN(Nc2ccc(S(=O)(=O)NC(=O)c3ccc(N4CCN(CC5=C(c6ccc(Cl)cc6)CC(C)(C)CC5)CC4)cc3Oc3ccccc3Cl)cc2[N+](=O)[O-])CC1,2
1437,O=C(O)c1cc(SCCc2ccccc2)ccc1NS(=O)(=O)c1ccc2ccccc2c1,2
1438,CCc1sc2ncnc(N[C@H](CC3CCCCC3)C(=O)O)c2c1-c1cccc(Oc2ccc(F)cc2)c1,2
1439,O=C(O)c1c(CCCOc2cccc3ccccc23)c2cccc3c2n1CCCS3,2
1440,CN(C)CC#Cc1cc(F)c(OCCCc2sc(N3CCc4cccc(C(=O)Nc5nc6ccccc6s5)c4C3)nc2C(=O)O)cc1F,2
1441,CC(C)N(C)CC[C@H](CSc1ccccc1)Nc1sc(S(=O)(=O)NC(=O)c2ccc(N3CCN(CC4=C(c5ccc(Cl)cc5)CCC(C)(C)C4)CC3)cc2)cc1[N+](=O)[O-],2
1442,CCN(C)C(=O)N1CCO[C@H](COc2ncc(S(=O)(=O)NC(=O)c3ccc(N4CCN(CC5=C(c6ccc(Cl)cc6)CC(C)(C)CC5)CC4)cc3Oc3cnc4[nH]ccc4c3)cc2Cl)C1,2
1443,Cc1cc(OCCCc2c(C(=O)O)n3c4c(c(Cl)ccc24)OCC3)cc(C)c1Cl,2
1444,COc1ccc(-c2ccc(Cn3cc(C(=O)N[C@@H](Cc4c[nH]c5ccccc45)C(=O)NS(=O)(=O)c4ccc(C)cc4)c4ccccc43)cc2)cc1,2
1445,Cc1cc(OCCCc2c(C(=O)O)[nH]c3cc(Cl)ccc23)cc(C)c1Cl,2
1446,CN1CCC(Nc2ccc(S(=O)(=O)NC(=O)c3ccc(N4CCN(CC5=C(c6ccc(Cl)cc6)CC(C)(C)CC5)CC4)cc3Oc3ccccc3Cl)cc2[N+](=O)[O-])CC1,2
1447,O=C(O)CSc1cc(NS(=O)(=O)c2cccs2)c2ccccc2c1O,2
1448,COC1CCC(CNc2ccc(S(=O)(=O)NC(=O)c3ccc(N4CCN(CC5=C(c6ccc(Cl)cc6)CCC6(CCCC6)C5)CC4)cc3Oc3cnc4[nH]ccc4c3)cc2[N+](=O)[O-])CC1,2
1449,CO[C@H]1CC[C@H](CNc2ccc(S(=O)(=O)NC(=O)c3ccc(N4CCN5CC6=C(c7ccc(Cl)cc7)CC(C)(C)C[C@H]6OCCCOC[C@@H]5C4)cc3N3CCCOc4nc5[nH]ccc5cc43)cc2[N+](=O)[O-])OC1,2
1450,CN(C)CCOc1cccc(-c2ccc(Cl)cc2)c1CN1CCN(c2ccc(C(=O)NS(=O)(=O)c3ccc(NCC4CCOCC4)c([N+](=O)[O-])c3)c(Oc3cnc(N)c(Cl)c3)c2)CC1,2
1451,O=C(O)c1c(CCCOc2cccc3c2CCCC3)c2cccc3c2n1CCS3,2
1452,Cc1cc(OCCCc2c3n(c4c(-c5c(C)nn(C)c5C)c(Cl)ccc24)[C@H](C)CN(c2cc(C(=O)O)c4ccn(C)c4c2)C3=O)cc(C)c1Cl,2
1453,Cn1cnc2cc(Oc3cc(N4CCN(Cc5ccccc5-c5ccc(Cl)cc5)CC4)ccc3C(=O)NS(=O)(=O)c3ccc(NCCCN4CCOCC4)c([N+](=O)[O-])c3)ccc21,2
1454,CC1(C)CCC(CN2CCN(c3ccc(C(=O)NS(=O)(=O)c4ccc(NCC5CCOCC5)c([N+](=O)[O-])c4)c(Oc4cnc5[nH]ccc5c4)c3)CC2)=C(c2ccc(Cl)cc2)C1,2
1455,CC1(C)CCC(CN2CCN(c3ccc(C(=O)NS(=O)(=O)c4ccc(OC[C@H]5CC[C@H](O)CC5)c(Cl)c4)c(Oc4cnc5[nH]ccc5c4)c3)CC2)=C(c2ccc(Cl)cc2)C1,2
1456,N#CC1=C(NCCC(=O)NCc2cccc(C(=O)O)c2)c2ccc(Sc3ccc(Br)cc3)c3cccc(c23)C1=O,2
1457,CN1CCN(CCCNc2ncnc3c2cnn3-c2ccc(OCCCc3sc(N4CCc5cccc(C(=O)Nc6nc7ccccc7s6)c5C4)nc3C(=O)O)cc2)CC1,2
1458,CC1(C)CCC(CN2CCN(c3ccc(C(=O)NS(=O)(=O)c4cnc(OCC5(F)CCN(CC(F)F)CC5)c(Cl)c4)c(Oc4cnc(N)c(Cl)c4)c3)CC2)=C(c2ccc(Cl)cc2)C1,2
1459,CN1CCC(Nc2ccc(S(=O)(=O)NC(=O)c3ccc(N4CCN(CC5=C(c6ccc(Cl)cc6)CC(C)(C)CC5)CC4)cc3Oc3ccc(O)cc3Cl)cc2[N+](=O)[O-])CC1,2
1460,CC(C)c1cc(C(=O)N2CCc3ccc(S(=O)(=O)NCCc4ccccc4)cc3C2)c(O)c(O)c1O,2
1461,O=C(O[C@H]1Cc2c(O)cc(O)cc2OC1c1cc(O)c(=O)c2c(O)c(O)cc([C@H]3Oc4cc(O)cc(O)c4C[C@H]3O)c2c1)c1cc(O)c(O)c(O)c1,2
1462,CN1CCC(Nc2ccc(S(=O)(=O)NC(=O)c3ccc(N4CCN(CC5=C(c6ccc(Cl)cc6)CC(C)(C)CC5)CC4)cc3Oc3cc4cc[nH]c4cc3F)cc2[N+](=O)[O-])CC1,2
1463,O=C(Nc1ccccc1)c1cc(Cc2ccccc2)c(O)c(O)c1O,2
1464,CC1(C)CCC(CN2CCN(c3ccc(C(=O)NS(=O)(=O)c4ccc(OCC5(F)CCOCC5)c(S(=O)(=O)C(F)(F)F)c4)c(Oc4cnc5[nH]ccc5c4)c3)CC2)=C(c2ccc(Cl)cc2)C1,2
1465,CN(C)C(=O)CN1CCC(Nc2ccc(S(=O)(=O)NC(=O)c3ccc(N4CCN(CC5=C(c6ccc(Cl)cc6)CC(C)(C)CC5)CC4)cc3Oc3cccc(Cl)c3)cc2[N+](=O)[O-])CC1,2
1466,CN1CCC(Nc2ccc(S(=O)(=O)NC(=O)c3ccc(N4CCN(CC5=C(c6ccc(Cl)cc6)CC(C)(C)CC5)CC4)cc3Oc3cc(Cl)ccc3Cl)cc2[N+](=O)[O-])CC1,2
1467,CN1CCC(Nc2ccc(S(=O)(=O)NC(=O)c3ccc(N4CCN(CC5=C(c6ccc(Cl)cc6)CC(C)(C)CC5)CC4)cc3Oc3cccc(C(F)(F)F)c3)cc2[N+](=O)[O-])CC1,2
1468,O=C(NS(=O)(=O)c1ccc([N+](=O)[O-])cc1)[C@H](Cc1c[nH]c2ccccc12)N1C(=O)/C(=C/c2ccc(-c3ccc(Cl)cc3)cc2)SC1=S,2
1469,O=C1c2ccc(Sc3ccc(Br)cc3)cc2C(=O)c2cc(O)c(O)cc21,2
1470,CN1CCC(Nc2ccc(S(=O)(=O)NC(=O)c3ccc(N4CCN(Cc5cc6c(cc5-c5ccc(Cl)cc5)OCO6)CC4)cc3Oc3ccccc3Cl)cc2[N+](=O)[O-])CC1,2
1471,CCc1sc2ncnc(N[C@@H](Cc3ccccc3)C(=O)O)c2c1-c1cccc(Oc2ccc(F)cc2)c1,2
1472,CN1CCC(Nc2ccc(S(=O)(=O)NC(=O)c3ccc(N4CCN(CC5=C(c6ccc(Cl)cc6)CC(C)(C)CC5)CC4)cc3Oc3cccc(-c4ccc[nH]4)c3)cc2[N+](=O)[O-])CC1,2
1473,O=C(/C=C/c1ccccc1Cl)Nc1ccc(C(=O)NS(=O)(=O)c2ccc(NCCSc3ccccc3)c([N+](=O)[O-])c2)cc1,2
1474,CC1(C)CCC(CN2CCN(c3ccc(C(=O)NS(=O)(=O)c4cnc(OCC5CCOCC5)c(C#N)c4)c(Oc4cc5cc[nH]c5cc4F)c3)CC2)=C(c2ccc(Cl)cc2)C1,2
1475,CC(C)C[C@@H](C(=O)O)N1C(=O)/C(=C(\c2ccccc2)c2ccc(-c3ccccc3)cc2)SC1=S,2
1476,O=C(O)[C@H](Cc1c[nH]c2ccccc12)N1C(=O)/C(=C/c2ccc(Br)cc2)SC1=S,2
1477,C=CCN1CCC(Nc2ccc(S(=O)(=O)NC(=O)c3ccc(N4CCN(CC5=C(c6ccc(Cl)cc6)CC(C)(C)CC5)CC4)cc3Oc3cccc(F)c3F)cc2[N+](=O)[O-])CC1,2
1478,CCC/C(=C1/SC(=S)N([C@@H](Cc2ccccc2)C(=O)O)C1=O)c1ccccc1,2
1479,O=C(NS(=O)(=O)c1ccc(NCCCN2CCOCC2)c([N+](=O)[O-])c1)c1ccc(N2CCN(Cc3ccccc3-c3ccc(Cl)cc3)CC2)cc1Oc1cccc(N2CCOCC2)c1,2
1480,N#CC1=C(NCCC(=O)NCc2ccccc2C(=O)O)c2ccc(Sc3ccc(Br)cc3)c3cccc(c23)C1=O,2
1481,CC1(C)CCC(CN2CCN(c3ccc(C(=O)NS(=O)(=O)c4ccc(NC5CCN(C6CCOCC6)CC5)c([N+](=O)[O-])c4)c(Oc4ccc5nc(N)sc5c4)c3)CC2)=C(c2ccc(Cl)cc2)C1,2
1482,CC1(C)CCC(CN2CCN(c3ccc(C(=O)NS(=O)(=O)c4ccc(OCC#CCN5CCOCC5)c([N+](=O)[O-])c4)c(Oc4cnc5[nH]ccc5c4)c3)CC2)=C(c2ccc(Cl)cc2)C1,2
1483,CC1(C)CCC(CN2CCN(c3ccc(C(=O)NS(=O)(=O)c4ccc(NCC5CCOCC5)c([N+](=O)[O-])c4)c(Oc4cc(Br)nc(NC(=O)OC(C)(C)C)c4)c3)CC2)=C(c2ccc(Cl)cc2)C1,2
1484,CN1C(C)(C)CC(Nc2ccc(S(=O)(=O)NC(=O)c3ccc(N4CCN(CC5=C(c6ccc(Cl)cc6)CC(C)(C)CC5)CC4)cc3Oc3ccccc3Cl)cc2[N+](=O)[O-])CC1(C)C,2
1485,CN1CCC(Nc2ccc(S(=O)(=O)NC(=O)c3ccc(N4CCN(CC5=C(c6ccc(Cl)cc6)CC(C)(C)CC5)CC4)cc3Oc3ccc(Cl)c(Cl)c3)cc2[N+](=O)[O-])CC1,2
1486,CN1CCC(Nc2ccc(S(=O)(=O)NC(=O)c3ccc(N4CCN(CC5=C(c6ccc(Cl)cc6)CC(C)(C)OC5)CC4)cc3Oc3cccc(Br)c3)cc2[N+](=O)[O-])CC1,2
1487,CC1(C)CCC(CN2CCN(c3ccc(C(=O)NS(=O)(=O)c4ccc(NCC5(CO)CCOCC5)c([N+](=O)[O-])c4)c(Oc4ccccc4Cl)c3)CC2)=C(c2ccc(Cl)cc2)C1,2
1488,CC(C)c1ccc2/c(=N\c3ccc(Oc4ccccc4)cc3)c3cc(O)c(O)c(O)c3n(C(=O)c3ccc(C(C)(C)C)cc3)c2c1,2
1489,CCc1cccc(S(=O)(=O)Nc2ccc(N3CCN(c4cccc(-c5c(C(=O)NCCCN6CCN(C)CC6)c(C)n(C)c5-c5ccc(Cl)cc5)c4)CC3)cc2)c1,2
1490,O=C(NS(=O)(=O)c1ccc(NCC2CCOCC2)c([N+](=O)[O-])c1)c1ccc(N2CCN(Cc3ccccc3-c3ccc(Cl)cc3)CC2)cc1Oc1ccc(-n2ccnc2)cc1,2
1491,CN(C)CCCc1c[nH]c2cccc(Oc3cc(N4CCN(CC5=C(c6ccc(Cl)cc6)CC(C)(C)CC5)CC4)ccc3C(=O)NS(=O)(=O)c3ccc(NCC4CCOCC4)c([N+](=O)[O-])c3)c12,2
1492,COc1cc(CCCN2CCOCC2)ccc1-c1ccc(C(=O)NS(=O)(=O)c2ccc(N[C@H](CCCCN(C)C)CSc3ccccc3)c([N+](=O)[O-])c2)cc1,2
1493,Cc1cc(OCCCc2c(C(=O)O)n3c4c(cccc24)SCCC3)cc(C)c1Cl,2
1494,CN(C)CCCNc1ccc(S(=O)(=O)NC(=O)c2ccc(N3CCN(Cc4ccccc4-c4ccc(Cl)cc4)CC3)cc2Oc2cccc(Cl)c2)cc1[N+](=O)[O-],2
1495,CC(=O)OCOC(=O)c1ccc(/C(Cl)=C/[C@@H]2C=C(C)C[C@H]3C[C@H](CCN=[N+]=[N-])C=C[C@]32C(=O)OCOC(C)=O)cc1,2
1496,CC1(C)CCC(CN2CCN(c3ccc(C(=O)NS(=O)(=O)c4ccc(NC5CCC(N6CCOCC6)CC5)c([N+](=O)[O-])c4)c(Oc4cnc5[nH]ccc5c4)c3)CC2)=C(c2ccc(Cl)cc2)C1,2
1497,O=C(NC1Cc2ccccc2C1)[C@H]1[C@H](CO)[C@H]2Cn3c(cccc3=O)[C@H]2N1CC1CCCCC1,2
1498,CN(C)CC[C@H](CSc1ccccc1)Nc1ccc(S(=O)(=O)NC(=O)c2ccc(N3CCN(CC4=C(c5ccc(Cl)cc5)CCOC4)CC3)cc2)cc1[N+](=O)[O-],2
1499,CC1(C)CCC(CN2CCN(c3ccc(C(=O)NS(=O)(=O)c4ccc(NCC5(F)CCOCC5)c([N+](=O)[O-])c4)c(Oc4cc5cc[nH]c5cc4F)c3)CC2)=C(c2ccc(Cl)cc2)C1,2
